word1,word2,mean,ano1,ano2,ano3,ano4,ano5,ano6,ano7,ano8,ano9,ano10,tag,mecab,ambiguity
あらまし,要旨,8.4,10,6,8,10,8,7,7,9,9,6,noun,yes,no
あらまし,大要,8,10,6,7,9,8,9,7,7,9,5,noun,yes,no
あらまし,概略,8.6,10,7,7,10,9,9,8,8,9,7,noun,yes,no
うたい文句,売り込み文句,8,8,7,8,9,8,9,8,9,8,4,noun,no,n/a
うたい文句,謳い文句,9.6,10,10,10,9,9,10,10,10,10,10,noun,yes,no
うたい文句,売り言葉,4.8,2,0,8,9,5,0,8,7,8,0,noun,yes,no
うたい文句,キャッチフレーズ,8.4,8,7,8,10,9,8,8,9,8,6,noun,yes,no
おおすじ,概略,8.4,8,10,9,8,7,9,7,9,7,9,noun,yes,no
おおすじ,要点,8,10,7,6,9,8,4,6,8,8,6,noun,yes,no
おおすじ,主要,7.4,10,6,6,9,6,6,5,6,9,4,noun,yes,no
おおすじ,あらまし,8.4,7,8,9,9,9,8,6,7,9,8,noun,yes,no
おおすじ,概要,8.8,8,10,8,10,8,7,7,9,8,7,noun,yes,no
おおすじ,大筋,10,10,10,10,10,10,10,10,10,10,10,noun,yes,no
おおすじ,大要,9,8,10,9,10,8,8,8,9,8,7,noun,yes,no
おおすじ,要旨,9,8,10,9,9,9,9,8,9,8,7,noun,yes,no
おおまか,全容,8.2,8,10,9,6,8,7,8,9,5,9,noun,yes,no
おおまか,要点,8.6,8,10,9,8,8,6,5,8,9,7,noun,yes,no
おおまか,概要,8.4,10,7,7,10,8,9,8,8,9,6,noun,yes,no
おおまか,内容,5.2,2,10,5,8,1,1,3,3,8,6,noun,yes,no
おおまか,あらまし,7.2,6,4,8,9,9,6,8,8,9,5,noun,yes,no
おおまか,要旨,8.6,7,10,8,9,9,8,7,9,8,5,noun,yes,no
おおまか,概略,8.4,8,10,8,9,7,9,7,9,8,6,noun,yes,no
おおまか,大筋,8.8,8,10,9,9,8,8,8,9,9,7,noun,yes,no
お仕事,任務,7.8,7,7,8,9,8,8,7,8,6,6,noun,yes,no
お目覚め,寝起き,7.4,8,3,9,9,8,8,8,8,9,7,noun,yes,no
お金,ギャランティー,8.4,9,9,9,8,7,5,7,9,4,9,noun,yes,no
お金,給料,7.4,6,9,10,7,5,6,7,9,4,8,noun,yes,no
お金,報酬,6.2,6,4,5,10,6,8,6,3,8,7,noun,yes,no
お金,賃金,6.4,6,6,5,10,5,10,6,3,7,7,noun,yes,no
お金,ギャラ,7.6,8,7,5,10,8,8,6,2,7,7,noun,yes,no
カネ,お金,9.6,10,10,10,9,9,10,10,9,10,10,noun,yes,no
カネ,報酬,7,5,6,10,7,7,5,8,9,4,8,noun,yes,no
カネ,ギャラ,7,8,5,6,10,6,6,6,1,8,6,noun,yes,no
カネ,給料,6,7,3,6,10,4,3,5,3,9,5,noun,yes,no
カラー,色合い,7.8,8,8,9,7,7,7,8,7,9,9,noun,yes,no
カラー,色調,8.8,8,10,9,9,8,7,8,5,7,10,noun,yes,no
カラー,彩り,8.4,7,9,9,9,8,8,7,9,8,6,noun,yes,yes
カラー,色彩,8.8,8,9,9,9,9,10,6,9,9,6,noun,yes,no
カラーリング,色調,8.4,8,9,10,7,8,7,8,9,9,9,noun,yes,no
カラフル,色相,7.2,8,8,9,8,3,3,9,7,9,7,noun,yes,no
カラフル,色,5.4,6,5,4,9,3,6,4,5,7,5,noun,yes,no
カラフル,色彩,7.8,9,8,6,10,6,7,6,7,8,7,noun,yes,no
カラフル,色とりどり,7.6,8,8,9,9,4,8,7,7,9,6,noun,yes,no
きっかけ,引き金,9,9,10,9,9,8,9,6,9,9,10,noun,yes,no
きっかけ,要因,8.6,8,10,9,8,8,9,7,9,9,0,noun,yes,no
きっかけ,動因,8.6,9,10,9,8,7,8,7,8,9,8,noun,yes,no
きっかけ,契機,9.6,9,10,10,10,9,7,8,9,8,10,noun,yes,no
きっかけ,呼び水,8.8,8,10,8,10,8,5,7,7,8,6,noun,yes,no
きっかけ,発端,9,8,10,9,10,8,8,6,8,6,7,noun,yes,no
きっかけ,トリガー,8.8,8,10,9,9,8,7,8,8,8,2,noun,yes,no
きっかけ,スイッチ,8.4,8,10,9,10,5,8,6,8,7,2,noun,yes,no
キャッチフレーズ,売り込み文句,8.2,8,8,8,10,7,10,8,9,7,7,noun,no,n/a
キャッチフレーズ,売り文句,8,8,7,8,10,7,8,9,9,9,7,noun,no,n/a
キャッチフレーズ,売り言葉,8.4,8,6,10,9,9,8,7,9,8,7,noun,yes,no
キャッチフレーズ,惹句,6.6,8,2,10,9,4,6,7,9,7,9,noun,yes,no
キャッチフレーズ,謳い文句,8.2,6,8,8,10,9,10,9,9,9,8,noun,yes,no
キャッチフレーズ,名目,4.8,0,6,6,9,3,3,7,7,6,4,noun,yes,no
キャッチフレーズ,キャチコピー,8.4,8,8,9,9,8,0,9,9,9,6,noun,yes,no
ギャラ,ファイトマネー,6.8,8,6,10,7,3,3,5,9,5,8,noun,yes,no
ギャラ,報酬,7.8,8,8,6,10,7,10,9,6,9,8,noun,yes,no
ギャラ,ギャランティー,9.6,10,10,10,10,8,10,10,9,9,8,noun,yes,no
ギャラ,給料,8.2,8,6,9,10,8,9,9,10,7,7,noun,yes,no
コスチューム,服,7.2,8,4,10,7,7,9,9,8,8,8,noun,yes,no
コスチューム,衣,7,8,3,10,7,7,3,8,8,8,8,noun,yes,no
コスチューム,お召し物,7.6,7,7,8,9,7,6,7,7,8,4,noun,yes,no
コスチューム,着物,6.6,3,7,7,9,7,9,4,7,9,3,noun,yes,no
こめかみ,側頭部,7.8,10,7,6,10,6,9,6,6,9,5,noun,no,n/a
こめかみ,頭,5.8,10,4,3,9,3,6,3,4,3,2,noun,yes,no
シリーズ,一続き,6.6,7,2,8,8,8,5,7,7,9,2,noun,no,n/a
シリーズ,一通り,6,8,2,7,6,7,8,7,4,8,5,noun,yes,no
シリーズ,一連,6.8,7,2,9,9,7,6,6,7,8,5,noun,yes,no
スイッチ,トリガー,7.4,9,6,8,8,6,7,7,8,9,7,noun,yes,no
スイッチ,引き金,5.6,7,1,4,9,7,8,6,8,7,5,noun,yes,no
スイッチ,呼び水,6,7,1,9,5,8,8,6,8,6,1,noun,yes,no
スタイル,格好,7.4,8,1,10,9,9,6,9,9,9,9,noun,yes,no
スタイル,コスチューム,5.2,6,0,8,6,6,3,7,8,7,6,noun,yes,no
スタイル,ファッション,4.6,1,1,5,9,7,2,3,3,8,3,noun,yes,no
スタイル,衣装,6,1,6,6,9,8,2,3,4,8,2,noun,yes,no
すべ,手口,8.8,8,10,9,8,9,8,3,9,8,9,noun,yes,no
すべ,術,9,8,10,10,9,8,7,7,10,10,10,noun,yes,no
すべ,作戦,7.2,10,5,7,9,5,5,9,4,9,6,noun,yes,no
すべ,道筋,8.2,10,9,8,8,6,7,7,5,7,7,noun,yes,no
すべて,ひととおり,7.8,8,6,8,9,8,7,6,5,7,6,noun,no,n/a
すべて,一連,8.4,6,10,9,10,7,4,4,7,8,7,noun,yes,no
スローガン,うたい文句,5.8,5,0,9,8,7,9,6,9,7,10,noun,yes,no
スローガン,標語,6.8,8,0,10,7,9,9,8,9,9,10,noun,yes,no
スローガン,キャッチフレーズ,7.8,6,8,9,9,7,3,9,7,8,4,noun,yes,no
スローガン,謳い文句,7.4,2,9,8,10,8,5,9,7,9,3,noun,yes,no
つきもの,定め,6.6,7,10,8,5,3,7,4,8,8,7,noun,yes,no
つきもの,運命,5.6,0,10,5,9,4,6,7,7,7,1,noun,yes,no
つきもの,宿命,6,0,10,5,9,6,3,8,7,6,2,noun,yes,no
テーマ,ベース,6.4,8,3,6,8,7,6,7,5,7,9,noun,yes,no
テーマ,基調,5.2,2,3,4,9,8,6,6,6,7,5,noun,yes,no
テーマ,議事,6.8,6,6,7,10,5,8,6,7,8,6,noun,yes,no
テーマ,議題,8.6,8,7,9,10,9,10,8,9,7,7,noun,yes,no
ト—ン,カラーリング,4.6,7,3,8,1,4,6,3,5,7,8,noun,no,n/a
ト—ン,色調,7.2,8,8,10,2,8,8,6,9,9,9,noun,no,n/a
トップ,第一番,6,2,5,8,9,6,10,6,4,8,6,noun,no,n/a
トップ,総統,7.8,7,8,9,7,8,8,6,9,8,10,noun,yes,no
トップ,頭,7.8,7,8,9,8,7,7,9,9,9,10,noun,yes,no
トップ,リーダー,8,7,6,10,9,8,9,7,9,9,10,noun,yes,no
トップ,ホープ,5,5,0,8,7,5,3,2,8,6,0,noun,yes,no
トップ,頂点,8.8,9,9,9,10,7,10,7,9,9,6,noun,yes,no
トップ,巨匠,5.4,0,7,7,8,5,9,6,9,4,3,noun,yes,no
トリガー,動因,7.8,9,6,9,8,7,9,7,9,9,0,noun,yes,no
ドレス,コスチューム,5.6,4,2,6,9,7,4,4,5,6,4,noun,yes,no
ドレス,服装,6.6,4,6,6,10,7,7,4,6,9,5,noun,yes,no
ドレス,衣服,6.8,4,6,7,9,8,6,3,6,8,4,noun,yes,no
ドレス,洋服,7.4,7,7,7,9,7,9,4,5,7,7,noun,yes,no
はじめ,第一番,8.2,10,7,7,9,8,8,7,6,8,6,noun,no,n/a
はじめ,一番手,7,10,6,5,9,5,9,6,4,8,7,noun,no,n/a
はじめ,皮切り,8.4,8,10,9,7,8,5,6,9,8,9,noun,yes,no
はじめ,筆頭,7.4,2,10,9,8,8,6,9,9,9,9,noun,yes,no
はじめ,一番,9.2,9,10,10,8,9,8,6,9,10,10,noun,yes,no
はじめ,トップ,7.8,6,10,7,9,7,5,8,8,8,10,noun,yes,no
はじめ,手始め,8.4,8,10,9,7,8,6,6,9,9,9,noun,yes,no
はじめ,最初,9.4,8,10,10,10,9,8,8,9,10,10,noun,yes,no
はじめ,皮きり,8.6,8,10,10,8,7,8,7,9,9,10,noun,yes,no
はじめ,端緒,8.8,6,10,10,10,8,5,7,7,9,7,noun,yes,no
はじめ,始め,10,10,10,10,10,10,10,10,10,10,10,noun,yes,no
はじめ,先頭,6.6,5,4,7,9,8,9,6,9,8,6,noun,yes,no
パターン,多様性,6,8,0,7,7,8,7,8,8,7,6,noun,yes,no
パターン,種類,8,8,7,7,9,9,8,8,6,8,7,noun,yes,no
パターン,形態,6.6,0,7,8,9,9,10,7,7,8,6,noun,yes,no
バリエーション,種類,8.6,8,8,8,10,9,10,7,7,9,7,noun,yes,no
バリエーション,パターン,7.2,6,6,8,9,7,4,8,5,9,6,noun,yes,no
バリエーション,形態,6.2,0,8,7,9,7,5,7,7,6,4,noun,yes,no
バリエーション,多様性,8.4,8,8,9,9,8,7,7,7,8,5,noun,yes,no
ひとつながり,一連,8.6,8,10,9,9,7,6,7,9,8,10,noun,no,n/a
ひとつながり,一通り,8.2,8,10,9,7,7,4,7,7,9,5,noun,no,n/a
ひとつながり,一続き,8.4,9,10,9,7,7,8,8,8,8,10,noun,no,n/a
ひとつながり,ひとまとまり,8.4,10,7,9,8,8,7,6,5,7,9,noun,no,n/a
ひとつながり,流れ,7,6,10,7,6,6,8,6,8,6,3,noun,no,n/a
ひととおり,全行程,8.6,8,10,9,8,8,6,8,9,9,8,noun,no,n/a
ひととおり,ひとつながり,6.2,10,1,3,9,8,2,6,4,8,2,noun,no,n/a
ひととおり,一連,8.4,6,10,8,9,9,8,6,8,8,7,noun,no,n/a
ファッション,コスチューム,6.8,7,6,6,9,6,6,3,6,8,5,noun,yes,no
プロフィール,実態,5,5,0,8,9,3,3,8,8,5,6,noun,yes,no
プロフィール,身上,7.4,5,7,8,8,9,8,9,8,5,9,noun,yes,no
プロフィール,身分,6.8,9,3,6,9,7,3,6,8,8,2,noun,yes,no
プロフィール,正体,7,4,6,8,9,8,8,6,5,8,3,noun,yes,no
プロフィール,素性,8,7,7,9,9,8,8,7,7,6,6,noun,yes,no
ベース,メインカラー,6.4,6,6,8,7,5,8,7,9,3,2,noun,no,n/a
ベース,基礎,9,9,9,10,9,8,9,10,9,9,10,noun,yes,no
ベース,背骨,7.2,7,5,8,9,7,7,4,6,8,2,noun,yes,no
ベース,基盤,8.2,5,9,9,10,8,10,7,7,9,7,noun,yes,no
ベース,軸,6.8,5,7,6,9,7,10,6,6,9,6,noun,yes,no
ベース,地色,8.4,9,8,8,9,8,10,6,5,8,5,noun,yes,no
ベース,骨格,6.8,2,7,8,9,8,10,8,7,9,3,noun,yes,no
ベース,骨組み,7.6,6,8,8,10,6,6,6,8,6,7,noun,yes,no
ほほえみ,微笑み,10,10,10,10,10,10,10,10,10,10,10,noun,yes,yes
まとめ,概略,8.8,7,10,10,9,8,8,7,9,9,9,noun,yes,no
まとめ,要旨,8.6,8,10,10,8,7,9,9,9,9,9,noun,yes,no
まとめ,大筋,7.6,10,5,6,9,8,6,8,8,9,7,noun,yes,no
まとめ,あらまし,7.2,6,4,8,9,9,4,7,7,8,6,noun,yes,no
まとめ,概要,8.4,9,10,8,9,6,5,8,7,9,6,noun,yes,no
まとめ,要点,9,8,10,9,9,9,9,6,9,8,7,noun,yes,no
みんな,人民,6.4,5,4,9,6,8,4,9,9,8,8,noun,yes,no
みんな,人々,6.6,5,7,5,9,7,8,7,6,8,6,noun,yes,no
みんな,国民,7.4,10,5,4,10,8,7,4,4,9,6,noun,yes,no
みんな,民,7,6,6,6,10,7,7,6,4,9,6,noun,yes,no
みんな,市民,7.4,6,7,7,9,8,7,6,6,9,2,noun,yes,no
みんな,大衆,8.2,6,10,8,10,7,9,6,9,7,6,noun,yes,no
みんな,民衆,8.4,6,10,8,10,8,9,7,9,6,5,noun,yes,no
メインカラー,基調,7.4,6,6,9,8,8,6,6,9,7,0,noun,no,n/a
メインカラー,地色,8.4,9,9,9,8,7,8,7,8,9,7,noun,no,n/a
メインカラー,軸,4.8,5,1,4,8,6,6,3,5,8,2,noun,no,n/a
メインカラー,基本,4.8,4,3,4,9,4,3,4,7,3,5,noun,no,n/a
もと,基盤,6.2,8,2,9,8,4,5,6,9,8,9,noun,yes,no
もと,基礎,8.6,10,8,9,9,7,8,7,6,9,6,noun,yes,no
もと,基調,7.4,10,7,5,9,6,3,6,4,9,4,noun,yes,no
もの,物,9.8,10,10,10,9,10,10,10,10,10,10,noun,yes,no
モノ,物体,8.6,8,8,10,8,9,8,8,9,9,10,noun,yes,no
モノ,物,9.8,10,10,10,9,10,10,10,10,10,10,noun,yes,no
モノ,もの,9.6,10,10,10,8,10,10,10,10,10,10,noun,yes,no
モノ,物質,7.8,8,8,10,5,8,8,7,9,8,9,noun,yes,no
もの,物体,8.8,10,6,9,10,9,9,8,7,9,7,noun,yes,no
もの,物質,8.8,10,7,9,10,8,7,7,8,9,7,noun,yes,no
やり方,道筋,7,8,2,9,8,8,7,6,8,8,7,noun,yes,no
やり方,術,7.6,8,5,8,9,8,9,8,9,8,9,noun,yes,no
やり方,手段,8.2,6,9,10,10,6,8,9,8,9,7,noun,yes,no
やり方,道,5.6,0,7,6,9,6,7,6,4,8,6,noun,yes,no
やり方,方法,9.4,9,10,9,10,9,9,9,7,8,7,noun,yes,no
やり方,すべ,8.8,7,10,9,10,8,8,7,9,7,5,noun,yes,no
ユニフォーム,衣装,7.6,8,6,10,5,9,9,9,8,8,10,noun,yes,no
ユニフォーム,衣服,7.4,8,5,9,7,8,6,9,8,8,8,noun,yes,no
ユニフォーム,コスチューム,7.8,8,7,8,9,7,8,7,5,7,6,noun,yes,no
よりどころ,慰め,6,10,6,4,6,4,1,6,3,8,2,noun,no,n/a
リーダー,総統,8,6,8,8,10,8,9,8,7,9,7,noun,yes,no
リーダー,頭,7.6,8,5,9,9,7,8,7,10,8,1,noun,yes,no
リーダー,ホープ,3.6,0,1,6,7,4,8,3,4,5,1,noun,yes,no
リムジン,大型高級車,6.6,8,6,8,9,2,8,3,2,9,4,noun,no,n/a
リムジン,大型高級乗用車,8.2,8,9,8,10,6,6,3,7,7,7,noun,no,n/a
リムジン,高級外車,7.6,7,7,9,9,6,6,3,8,6,6,noun,no,n/a
一番,第一番,9,10,9,10,7,9,8,6,9,10,10,noun,no,n/a
一番,一番手,7.8,8,9,8,9,5,7,7,8,8,8,noun,no,n/a
一番,先頭,6.2,7,0,9,7,8,6,9,9,8,10,noun,yes,no
一番,筆頭,6.4,3,7,5,9,8,9,5,4,9,6,noun,yes,no
一番手,第一番,7,7,3,9,8,8,7,2,9,9,9,noun,no,n/a
一番手,筆頭,8.4,8,8,9,10,7,5,6,8,8,7,noun,no,n/a
一番手,先頭,7.2,7,7,6,8,8,9,6,8,8,7,noun,no,n/a
一続き,全行程,5.6,0,4,7,9,8,3,6,4,7,4,noun,no,n/a
一般人,一般市民,8.8,8,8,10,9,9,7,10,9,10,9,noun,yes,no
一般人,民,7.8,8,6,9,8,8,7,9,9,9,8,noun,yes,no
一般人,民衆,7.8,7,6,8,10,8,8,7,6,9,7,noun,yes,no
一般人,大衆,7.4,5,7,7,10,8,8,6,9,8,7,noun,yes,no
一般市民,国民,7.6,6,6,10,8,8,9,9,9,8,8,noun,yes,no
一般市民,大衆,7.6,6,7,7,10,8,8,8,6,8,7,noun,yes,no
一般市民,人々,7.4,6,6,7,10,8,7,7,8,7,7,noun,yes,no
一般市民,民,7.8,6,7,8,10,8,9,6,10,7,7,noun,yes,no
一通り,全行程,7,7,5,9,8,6,5,6,8,9,6,noun,no,n/a
一通り,一続き,6.8,3,7,7,9,8,4,7,6,8,4,noun,no,n/a
一通り,ひとまとまり,7.8,5,10,7,9,8,6,6,8,6,3,noun,no,n/a
一通り,全て,6.2,5,6,4,9,7,7,6,6,7,5,noun,yes,no
一通り,一連,8,7,8,9,9,7,10,6,9,7,7,noun,yes,no
一通り,全部,7.4,7,6,9,7,8,9,6,9,7,6,noun,yes,no
一連,全行程,7,7,2,9,9,8,6,9,8,9,7,noun,no,n/a
一連,一続き,5.2,2,2,7,7,8,10,3,7,9,3,noun,no,n/a
一連,ひとまとまり,8.4,10,7,8,9,8,4,6,3,8,0,noun,no,n/a
一連,全部,6.2,5,3,6,9,8,2,6,3,6,6,noun,yes,no
一連,全て,7.6,7,6,9,8,8,7,6,6,4,6,noun,yes,no
上司,役員,6.4,5,6,8,7,6,7,8,7,7,8,noun,yes,no
上司,上層部,7.4,7,6,9,9,6,9,6,5,8,2,noun,yes,no
上司,幹部,6.8,7,7,6,8,6,6,6,5,8,3,noun,yes,no
上層部,重役,8.2,7,8,9,9,8,6,7,9,9,8,noun,yes,no
上層部,重鎮,7.6,6,8,8,9,7,8,6,8,7,3,noun,yes,no
上層部,幹部,7.8,7,8,7,9,8,6,7,9,8,6,noun,yes,no
上役,幹部,7.6,7,6,8,9,8,8,8,8,9,6,noun,yes,no
上役,重役,8.4,7,9,9,9,8,8,7,8,8,6,noun,yes,no
世間,市井,6.6,8,3,9,5,8,4,3,9,7,8,noun,yes,no
世間,皆,7.4,7,4,10,8,8,6,9,9,7,8,noun,yes,no
世間,聴衆,6.2,5,3,8,9,6,9,6,7,4,2,noun,yes,no
世間,群衆,7.6,6,7,8,9,8,9,6,9,7,5,noun,yes,no
中,境内,6,6,5,3,8,8,6,5,4,5,2,noun,yes,no
中,敷地内,4.4,6,1,3,7,5,8,4,5,6,1,noun,yes,no
中心,基盤,6.4,6,5,9,7,5,5,6,8,7,8,noun,yes,no
中心,ベース,5.4,4,3,5,9,6,5,7,5,8,5,noun,yes,no
中心,基調,6.8,8,4,8,9,5,8,6,9,6,2,noun,yes,no
中心人物,重役,5.6,5,0,7,9,7,5,6,8,8,2,noun,yes,no
中心人物,主要人物,7.4,8,3,8,10,8,9,7,6,9,7,noun,yes,no
中心人物,幹部,7.6,7,6,8,9,8,6,6,6,8,5,noun,yes,no
主要,要旨,7.8,8,5,10,9,7,6,6,9,8,8,noun,yes,no
人,群衆,7.6,8,6,9,7,8,6,9,9,7,7,noun,yes,no
人,一般市民,6.6,6,4,6,9,8,7,6,5,8,8,noun,yes,no
人,大衆,7,5,5,7,10,8,8,6,7,9,6,noun,yes,no
人,市民,7.2,6,6,7,9,8,8,6,5,9,7,noun,yes,no
人,民,7.8,6,7,8,10,8,7,6,9,9,8,noun,yes,no
人,一般人,6.8,6,5,5,10,8,8,6,9,7,7,noun,yes,no
人々,皆,7.2,6,5,9,9,7,7,8,9,7,8,noun,yes,no
人々,民衆,8.4,8,7,10,9,8,6,8,9,7,8,noun,yes,no
人々,人民,8.4,8,7,10,9,8,6,9,9,8,8,noun,yes,no
人々,一般人,5.8,5,3,3,10,8,7,7,4,8,7,noun,yes,no
人々,大衆,6.8,5,5,6,10,8,7,6,7,8,7,noun,yes,no
人々,市民,7,6,5,6,10,8,8,7,7,9,7,noun,yes,no
人々,聴衆,7.2,7,6,7,9,7,5,6,7,9,6,noun,yes,no
人々,庶民,7.4,5,7,8,10,7,9,6,9,8,8,noun,yes,no
人々,世間,6.4,6,2,7,10,7,6,6,9,8,8,noun,yes,no
人々,民,7.4,5,7,7,10,8,8,6,9,7,7,noun,yes,no
人々,群衆,7.8,6,7,8,10,8,8,6,9,8,6,noun,yes,no
人々,市井,6.8,6,3,8,10,7,6,6,6,7,6,noun,yes,no
人々,人,8.2,7,7,9,10,8,10,8,8,9,7,noun,yes,no
人民,庶民,8,7,7,10,8,8,8,9,9,9,8,noun,yes,no
人民,大衆,7.2,7,4,7,10,8,5,7,7,8,6,noun,yes,no
人民,群衆,7,5,5,7,10,8,8,7,9,8,7,noun,yes,no
人民,民,7.8,8,5,8,10,8,9,8,9,8,8,noun,yes,no
人民,民衆,7.6,6,5,9,10,8,9,6,9,7,6,noun,yes,no
任務,職質,5,2,6,3,6,8,2,2,0,7,2,noun,no,n/a
任務,職分,6.4,7,2,9,7,7,7,7,9,8,10,noun,yes,no
任務,役回り,8.2,8,8,9,9,7,8,6,9,6,9,noun,yes,no
任務,職務,7.8,5,8,8,10,8,4,8,8,9,6,noun,yes,no
任務,業務,8,7,6,9,10,8,7,7,7,8,3,noun,yes,no
任務,業種,4.4,0,2,8,8,4,6,6,7,7,5,noun,yes,no
任務,責務,7,8,2,8,9,8,8,7,8,8,3,noun,yes,no
体,姿勢,5,6,2,7,5,5,3,9,7,5,8,noun,yes,no
体,上半身,4.8,6,3,6,7,2,5,2,4,4,5,noun,yes,no
体,体勢,5,2,3,5,8,7,9,4,8,4,6,noun,yes,no
体勢,体位,8,8,6,9,8,9,6,9,9,9,9,noun,yes,no
体勢,現状,3.8,3,0,4,7,5,4,7,0,3,8,noun,yes,no
体勢,上半身,2.8,0,1,5,6,2,4,2,3,4,3,noun,yes,no
作戦,手口,7.4,7,6,8,9,7,8,7,9,7,8,noun,yes,no
俺,己,8.4,10,4,10,9,9,9,8,9,10,9,noun,yes,no
俺,僕,9.8,10,10,10,10,9,9,10,9,10,9,noun,yes,no
俺,私,9.2,8,9,10,10,9,10,9,10,9,7,noun,yes,no
傾向,色彩,3,0,0,3,7,5,0,3,1,6,0,noun,yes,no
傾向,基調,5.8,7,2,5,8,7,7,6,7,5,5,noun,yes,no
傾向,雰囲気,4.8,0,2,8,8,6,6,3,4,4,7,noun,yes,no
僕,私,9.4,10,8,10,10,9,9,9,9,10,8,noun,yes,no
僕,己,8.2,10,4,10,8,9,9,9,9,10,8,noun,yes,no
元気,気休め,2.4,4,1,0,5,2,3,3,0,4,0,noun,yes,no
元気,救い,2.8,4,0,4,5,1,3,3,0,6,5,noun,yes,yes
元気,慰め,2.8,4,0,3,5,2,3,6,0,5,5,noun,yes,no
元気,気晴らし,3.2,1,4,3,5,3,3,2,3,0,0,noun,yes,no
元気,慰安,3.2,0,2,5,5,4,7,3,2,2,0,noun,yes,no
元気付け,気遣い,4.2,4,3,3,7,4,3,2,3,7,6,noun,no,n/a
元気付け,慰め,6.2,7,5,8,3,8,9,7,7,7,6,noun,no,n/a
先頭,端緒,4,1,3,3,8,5,0,4,4,5,6,noun,yes,no
先頭,皮切り,5.2,1,0,8,10,7,6,6,7,2,6,noun,yes,no
先頭,始まり,6,5,6,6,5,8,9,6,6,9,7,noun,yes,yes
先頭,トップ,8.6,9,7,9,9,9,9,8,8,9,8,noun,yes,no
先頭,皮きり,7.6,8,4,9,10,7,8,7,9,8,7,noun,yes,no
先頭,頂点,3.6,6,2,5,1,4,9,6,5,6,4,noun,yes,no
先頭,筆頭,7,7,5,6,9,8,9,6,8,8,5,noun,yes,no
全て,ひとつながり,7,7,10,7,5,6,4,5,7,8,6,noun,no,n/a
全て,ひとまとまり,7.4,10,1,9,9,8,3,7,7,8,5,noun,no,n/a
全て,ひととおり,8,10,5,8,9,8,8,5,4,8,6,noun,no,n/a
全て,全部,9.4,8,10,10,10,9,9,10,9,10,10,noun,yes,no
全て,すべて,10,10,10,10,10,10,10,10,9,10,10,noun,yes,no
全容,概略,6.8,7,5,9,4,9,7,8,9,6,10,noun,yes,no
全容,あらまし,9,9,10,9,9,8,7,9,9,8,9,noun,yes,no
全容,要旨,5.8,4,4,7,7,7,6,8,7,6,8,noun,yes,no
全容,概要,7.6,8,7,7,9,7,8,7,9,7,7,noun,yes,no
全行程,ひとつながり,8.2,7,10,8,9,7,6,6,7,6,5,noun,no,n/a
全部,ひとまとまり,8.8,8,10,9,9,8,8,9,9,9,9,noun,no,n/a
全部,ひとつながり,6.4,2,10,6,9,5,8,6,7,6,2,noun,no,n/a
内容,議事,5.6,7,4,8,4,5,5,6,0,8,9,noun,yes,no
内容,全容,6.6,5,5,7,8,8,7,9,8,8,8,noun,yes,no
内容,テーマ,7.2,6,6,10,7,7,7,5,7,6,8,noun,yes,no
内容,主要,5.4,6,4,4,6,7,4,6,6,8,5,noun,yes,no
内容,要旨,7.8,7,7,8,9,8,8,6,7,7,6,noun,yes,no
内容,あらまし,8.6,7,10,8,10,8,6,7,8,6,7,noun,yes,no
内容,大筋,7.4,7,8,6,9,7,4,7,8,6,7,noun,yes,no
内容,要点,5.4,3,6,5,7,6,8,4,3,4,5,noun,yes,no
内容,概要,7.2,7,8,5,9,7,9,7,8,7,6,noun,yes,no
内容,概略,5.6,6,2,6,7,7,8,7,7,6,7,noun,yes,no
内容,おおすじ,7.8,6,10,6,9,8,9,7,9,4,6,noun,yes,no
最初,第一番,8,8,6,10,8,8,6,6,9,9,10,noun,no,n/a
最初,一番手,7.4,8,7,9,8,5,7,9,9,7,9,noun,no,n/a
最初,筆頭,6,3,2,9,8,8,7,5,9,6,10,noun,yes,no
最初,先頭,7.4,7,5,9,8,8,7,10,9,9,10,noun,yes,no
最初,端緒,5.6,2,5,4,9,8,7,4,6,7,5,noun,yes,no
最初,皮切り,6.8,2,7,7,10,8,8,7,4,9,6,noun,yes,no
最初,手始め,7.8,8,6,8,9,8,6,7,7,8,7,noun,yes,no
最初,一番,8.6,8,9,9,9,8,8,6,8,9,6,noun,yes,no
出身,素性,5.8,6,3,9,3,8,4,7,9,9,9,noun,yes,no
出身,身元,6.8,8,3,9,6,8,7,8,9,9,9,noun,yes,no
出身,正体,5.6,7,0,10,6,5,6,6,8,8,6,noun,yes,no
出身,情報,2.6,0,2,3,6,2,4,3,1,5,0,noun,yes,no
出身,経歴,5.2,0,2,8,9,7,9,6,1,4,7,noun,yes,no
出身,生い立ち,6.4,3,3,9,9,8,6,6,9,6,4,noun,yes,yes
制服,コスチューム,7.4,7,5,10,7,8,7,9,9,8,10,noun,yes,no
制服,衣服,7.4,5,8,9,8,7,6,8,8,7,8,noun,yes,no
制服,ユニフォーム,8.4,9,7,9,9,8,10,8,8,9,5,noun,yes,no
制服,衣装,7.6,8,8,6,9,7,8,4,4,7,7,noun,yes,no
務め,職務,7.8,8,6,10,8,7,8,6,9,9,8,noun,yes,no
務め,任務,7.6,5,7,8,10,8,3,7,7,9,6,noun,yes,no
務め,業務,8,8,7,8,9,8,8,7,7,8,5,noun,yes,no
勤め,役回り,6.8,7,5,7,10,5,3,7,4,8,4,noun,yes,no
勤め,業種,6.8,5,6,7,9,7,6,6,6,7,0,noun,yes,no
勤め,役割,6.4,6,1,9,9,7,9,8,6,6,1,noun,yes,no
勤め,任務,8,8,7,8,9,8,7,7,8,9,7,noun,yes,no
原因,動因,7.6,9,5,9,9,6,6,9,7,7,10,noun,yes,no
原因,要因,7.4,6,6,8,9,8,7,8,7,9,7,noun,yes,no
原因,引き金,8,7,7,8,10,8,8,8,6,9,7,noun,yes,no
原因,きっかけ,7.8,10,6,7,10,6,9,8,5,8,7,noun,yes,no
原因,トリガー,7.4,7,7,9,9,5,7,7,7,6,2,noun,yes,no
原因,発端,8.2,8,6,9,10,8,8,7,9,6,8,noun,yes,no
合言葉,スローガン,7,7,0,10,10,8,7,9,9,9,6,noun,yes,no
合言葉,標語,4,0,0,7,8,5,9,7,4,8,0,noun,yes,no
合言葉,キャッチフレーズ,6.2,6,0,8,9,8,9,8,8,8,3,noun,yes,no
合言葉,謳い文句,5.6,6,0,5,9,8,8,7,9,7,1,noun,yes,no
名目,売り文句,4.8,0,2,6,9,7,0,4,4,7,3,noun,no,n/a
名目,うたい文句,5.6,0,8,6,9,5,1,5,4,8,6,noun,yes,no
名目,謳い文句,6.4,1,7,7,9,8,3,8,7,8,7,noun,yes,no
呼び水,トリガー,7,8,3,9,7,8,9,8,9,8,1,noun,yes,no
問題,ウィークポイント,6.4,3,6,8,9,6,6,6,7,7,6,noun,no,n/a
問題,泣き所,5,7,0,9,5,4,6,6,8,7,6,noun,yes,no
問題,弱点,6,8,2,8,5,7,3,5,5,7,8,noun,yes,no
問題,問題点,7.4,7,7,7,9,7,8,6,7,9,7,noun,yes,no
問題,短所,5.4,2,2,7,9,7,3,7,6,7,4,noun,yes,no
問題,難点,7.4,7,4,9,9,8,8,8,8,7,6,noun,yes,no
問題,欠点,7.2,7,3,9,9,8,9,7,9,7,7,noun,yes,no
問題点,ウィークポイント,7.4,6,5,9,9,8,7,8,9,5,6,noun,no,n/a
問題点,難点,7,7,4,9,9,6,9,7,9,6,6,noun,yes,no
固体,物質,5.6,4,7,5,8,4,9,3,5,3,6,noun,yes,no
国民,庶民,8,6,7,10,9,8,8,9,9,6,8,noun,yes,no
国民,皆,6.6,6,2,9,8,8,6,7,9,7,8,noun,yes,no
国民,人々,7.6,6,7,9,8,8,6,8,9,7,8,noun,yes,no
国民,民衆,8.2,7,7,10,9,8,8,8,9,6,9,noun,yes,no
国民,聴衆,6.2,6,5,6,8,6,5,6,4,8,6,noun,yes,no
国民,世間,6.6,6,4,5,10,8,6,6,6,8,7,noun,yes,no
国民,人,7.4,7,6,7,10,7,8,6,8,6,8,noun,yes,no
国民,民,8.4,7,10,8,10,7,7,7,9,7,8,noun,yes,no
国民,人民,8.2,7,8,9,10,7,9,6,9,7,8,noun,yes,no
国民,大衆,8,6,7,8,10,9,8,7,9,7,7,noun,yes,no
国民,群衆,7.8,6,7,8,9,9,9,6,9,7,6,noun,yes,no
基幹人員,重役,7.6,6,7,9,8,8,7,7,9,8,8,noun,no,n/a
基幹人員,上層部,7,5,6,7,9,8,7,7,7,7,4,noun,no,n/a
基本,テーマ,5.6,5,5,9,4,5,4,8,0,7,9,noun,yes,no
基本,要点,5,5,1,9,6,4,7,8,8,6,8,noun,yes,no
基本,骨格,3.8,0,0,9,3,7,3,7,9,0,8,noun,yes,no
基本,もと,8.8,8,10,9,9,8,4,9,9,9,10,noun,yes,no
基本,骨組み,6.8,7,7,5,9,6,6,5,8,7,8,noun,yes,no
基本,傾向,3.8,2,3,3,6,5,2,8,7,6,5,noun,yes,no
基本,背骨,5.6,0,6,7,8,7,6,4,7,7,4,noun,yes,no
基本,地色,6.6,5,6,5,9,8,3,6,4,8,2,noun,yes,no
基本,ベース,8.4,7,8,8,10,9,10,9,6,9,6,noun,yes,no
基本,基準,8.2,7,8,9,10,7,8,6,8,4,7,noun,yes,no
基本,基礎,9.2,8,10,10,10,8,9,7,9,7,7,noun,yes,no
基本,基盤,8.6,8,8,9,10,8,8,8,9,8,6,noun,yes,no
基本,中心,4.6,0,0,8,9,6,6,7,5,2,4,noun,yes,no
基本,軸,7.2,5,7,8,9,7,5,7,9,1,6,noun,yes,no
基本,基調,7.6,8,5,9,9,7,9,7,8,8,5,noun,yes,no
基本,方針,5.4,7,2,7,5,6,8,7,8,1,5,noun,yes,no
基本的動向,基本,4.2,4,1,8,5,3,4,4,7,4,7,noun,no,n/a
基本的動向,基盤,5.4,5,2,6,9,5,3,7,5,7,4,noun,no,n/a
基本的動向,基調,6.8,6,4,8,9,7,9,7,6,7,7,noun,no,n/a
基本的動向,ベース,5.8,7,0,7,8,7,9,7,8,7,4,noun,no,n/a
基準,傾向,5,5,1,5,7,7,3,6,5,5,0,noun,yes,no
基準,基調,5.8,7,3,9,7,3,7,9,9,8,8,noun,yes,no
基礎,骨格,3.2,0,0,9,0,7,8,7,8,0,7,noun,yes,no
基礎,背骨,3.4,2,0,9,1,5,6,6,8,0,5,noun,yes,no
基礎,基調,7.6,9,5,9,8,7,6,9,9,6,9,noun,yes,no
基礎,骨組み,7,6,8,5,9,7,8,7,5,8,6,noun,yes,no
基礎,基盤,8,8,5,8,10,9,9,7,8,8,7,noun,yes,no
基調,ベース,8.6,8,8,10,8,9,8,9,9,10,8,noun,yes,no
基調,骨組み,3.8,0,0,9,5,5,3,7,8,0,8,noun,yes,no
基調,地色,6.4,6,7,9,2,8,6,8,8,8,7,noun,yes,no
基調,軸,5.6,1,5,7,8,7,8,6,6,8,3,noun,yes,no
基調,骨格,5.4,0,5,6,9,7,6,6,6,8,3,noun,yes,no
基調,背骨,5.2,0,6,6,9,5,8,3,6,8,4,noun,yes,no
基調,基盤,6.6,6,5,8,9,5,9,6,8,8,1,noun,yes,no
報酬,給料,8,9,6,10,9,6,8,8,9,7,9,noun,yes,no
報酬,ファイトマネー,6.4,5,6,6,10,5,6,3,2,9,6,noun,yes,no
報酬,ギャランティー,8.8,9,9,8,10,8,8,8,9,7,9,noun,yes,no
報酬,賃金,7.6,8,4,9,10,7,7,9,9,8,7,noun,yes,no
境内,神社内,6.8,8,5,8,6,7,8,7,9,9,9,noun,no,n/a
境内,寺社内,7.4,8,5,9,7,8,8,7,9,9,9,noun,no,n/a
境内,本殿内,6,4,6,7,9,4,7,3,6,5,6,noun,no,n/a
境内,寺中,6,8,2,9,7,4,6,7,9,8,8,noun,yes,no
境内,神域,5.2,3,2,7,8,6,4,7,6,8,5,noun,yes,no
境内,構内,5.6,2,6,4,9,7,4,3,2,7,5,noun,yes,no
境内,寺内,6.4,7,5,7,8,5,8,7,9,8,6,noun,yes,no
売り文句,うたい文句,8.4,8,8,9,9,8,7,7,8,9,10,noun,no,n/a
外車,大型高級車,6.6,7,7,9,5,5,3,7,7,6,8,noun,no,n/a
外車,リムジン,5.8,5,8,9,5,2,2,6,5,5,7,noun,yes,no
大筋,全容,7.8,7,6,8,9,9,8,6,8,9,8,noun,yes,no
大筋,要点,7.6,8,4,9,9,8,7,6,9,8,8,noun,yes,no
大筋,要旨,7.6,7,7,7,9,8,7,8,8,9,7,noun,yes,no
大筋,概略,7.2,4,6,8,10,8,10,8,9,9,7,noun,yes,no
大筋,主要,6.2,6,3,6,9,7,3,6,3,7,6,noun,yes,no
大筋,概要,7.6,5,8,7,10,8,10,7,8,8,6,noun,yes,no
大筋,あらまし,8.6,7,10,9,9,8,8,7,8,9,8,noun,yes,no
大筋,大要,8.2,8,7,9,9,8,10,8,8,9,7,noun,yes,no
大衆,聴衆,6.2,7,4,7,9,4,4,6,4,9,6,noun,yes,no
大衆,市井,5.6,0,4,7,10,7,5,6,7,7,6,noun,yes,no
大衆,庶民,7,6,4,8,10,7,9,6,9,7,6,noun,yes,no
大衆,世間,6.8,6,3,8,10,7,9,6,9,7,5,noun,yes,no
始まり,第一番,6.2,7,2,9,7,6,8,6,8,8,6,noun,no,n/a
始まり,手始め,7.2,8,3,9,8,8,6,8,9,10,10,noun,yes,yes
始まり,はじめ,8.6,8,10,10,7,8,7,7,9,10,10,noun,yes,yes
始まり,皮切り,6.8,8,2,9,7,8,7,7,8,8,10,noun,yes,yes
始まり,最初,8.8,8,9,10,9,8,6,10,9,10,10,noun,yes,yes
始まり,端緒,6.8,8,0,9,10,7,6,6,7,8,6,noun,yes,yes
始まり,筆頭,5.4,5,2,5,8,7,6,7,8,8,6,noun,yes,yes
始まり,皮きり,6.6,7,2,8,8,8,8,7,7,7,6,noun,yes,yes
始め,一番手,6.6,7,3,9,7,7,6,9,8,8,9,noun,no,n/a
始め,第一番,7.2,8,2,8,9,9,8,6,4,7,3,noun,no,n/a
始め,最初,8.6,9,7,10,9,8,7,8,9,10,10,noun,yes,no
始め,手始め,7.6,9,6,9,7,7,7,7,9,10,10,noun,yes,no
始め,一番,6,8,1,7,6,8,9,5,4,8,7,noun,yes,no
始め,端緒,6.4,2,6,8,8,8,6,6,6,8,6,noun,yes,no
始め,トップ,6,7,6,4,5,8,6,5,4,8,5,noun,yes,no
始め,始まり,8.6,10,8,8,10,7,7,8,7,9,9,noun,yes,yes
始め,皮切り,7.2,7,4,8,9,8,8,6,9,7,6,noun,yes,no
始め,先頭,6.6,6,3,8,8,8,8,7,8,8,6,noun,yes,no
始め,筆頭,5.6,6,3,5,6,8,6,6,9,8,5,noun,yes,no
始め,目玉,3,0,0,5,6,4,9,6,4,1,1,noun,yes,no
姿勢,現状,3,4,0,5,3,3,3,7,0,4,6,noun,yes,no
姿勢,形,5,5,0,9,7,4,3,6,8,5,8,noun,yes,no
姿勢,体位,7.6,8,6,7,9,8,9,8,7,8,4,noun,yes,no
姿勢,体勢,8.4,7,8,9,10,8,8,3,8,9,7,noun,yes,no
姿勢,上半身,4,5,2,5,7,1,9,3,1,2,2,noun,yes,no
定め,天命,8.4,7,9,8,10,8,6,8,8,7,6,noun,yes,no
宿命,宿因,5.6,0,5,6,10,7,8,8,7,8,5,noun,no,n/a
宿命,天命,8.6,8,10,9,9,7,8,8,9,9,8,noun,yes,no
宿命,定め,8.8,8,10,10,8,8,8,6,9,8,9,noun,yes,no
寺内,寺社内,6.6,8,9,9,1,6,9,8,9,9,10,noun,no,n/a
寺内,神域,4.4,5,2,7,7,1,6,7,4,7,5,noun,yes,no
寺内,構内,5.8,6,1,8,9,5,5,6,10,7,5,noun,yes,no
寺内,敷地,4.4,6,2,4,8,2,8,4,8,7,2,noun,yes,no
寺社内,構内,5.8,7,2,9,5,6,3,3,0,7,7,noun,no,n/a
寺社内,神社内,4.6,2,2,9,9,1,6,7,5,0,0,noun,no,n/a
寺社内,本殿内,5.2,6,2,7,9,2,7,7,9,8,4,noun,no,n/a
専門書,典拠,4.2,4,1,3,9,4,6,5,7,7,6,noun,no,n/a
川べり,河原沿い,7.4,6,6,8,9,8,7,7,7,8,6,noun,no,n/a
川べり,河川敷,7.2,8,6,9,6,7,8,5,9,9,8,noun,yes,no
川原,河原沿い,7.2,6,6,8,9,7,7,6,6,8,6,noun,no,n/a
川原,川べり,7.2,8,6,8,7,7,8,7,7,9,9,noun,yes,no
川原,河原,8.4,6,10,9,9,8,10,8,9,8,10,noun,yes,no
川原,河川敷,7.2,7,4,8,9,8,8,7,6,9,8,noun,yes,no
川沿い,河原沿い,8,9,6,9,8,8,7,7,8,9,9,noun,no,n/a
川沿い,河原,7,6,5,7,9,8,8,6,7,7,7,noun,no,n/a
川沿い,河川敷,7.2,6,6,8,9,7,9,7,7,7,7,noun,no,n/a
己,自分自身,8.8,9,7,10,9,9,9,6,9,9,10,noun,yes,no
己,自己,8.4,8,6,10,10,8,10,9,9,9,8,noun,yes,no
己,私,8.2,8,4,10,10,9,9,9,10,9,7,noun,yes,no
己れ,自己,8.4,7,7,9,10,9,10,9,6,9,7,noun,no,n/a
己れ,我,7.4,3,7,8,10,9,10,9,7,9,7,noun,no,n/a
市民,民衆,7.2,7,7,9,5,8,9,9,9,8,8,noun,yes,no
市民,聴衆,7.8,8,7,9,7,8,6,6,9,7,7,noun,yes,no
市民,世間,7.8,7,6,9,9,8,5,7,9,7,9,noun,yes,no
市民,人民,8.2,7,7,10,9,8,7,9,9,7,8,noun,yes,no
市民,国民,7.4,7,7,6,9,8,6,7,4,9,9,noun,yes,no
市民,一般市民,8.2,7,8,8,10,8,9,6,6,9,8,noun,yes,no
市民,皆,5.6,3,2,7,9,7,7,6,6,9,6,noun,yes,no
市民,大衆,7.6,7,6,7,10,8,8,6,7,9,7,noun,yes,no
市民,庶民,7.6,7,6,7,10,8,7,7,5,9,7,noun,yes,no
市民,一般人,7.4,7,5,7,10,8,6,6,9,7,8,noun,yes,no
市民,群衆,7.6,6,6,8,10,8,9,6,9,7,6,noun,yes,no
市民,衆人,7.4,6,7,7,10,7,8,6,9,7,6,noun,yes,no
市民,民,7,6,4,8,10,7,9,6,9,7,6,noun,yes,no
幹部,基幹人員,8,7,7,9,10,7,5,7,9,6,9,noun,no,n/a
幹部,重役,8,7,7,9,8,9,8,7,9,9,8,noun,yes,no
幹部,主要人物,6.8,5,5,8,9,7,5,8,8,8,8,noun,yes,no
幹部,重鎮,7.4,7,6,7,9,8,7,7,7,8,7,noun,yes,no
庶民,聴衆,6.8,7,7,9,7,4,7,6,8,8,2,noun,yes,no
庶民,皆,7.2,7,5,9,7,8,6,7,9,8,8,noun,yes,no
庶民,世間,6.6,5,6,6,10,6,8,7,6,9,2,noun,yes,no
庶民,衆人,7.8,5,8,8,10,8,10,6,9,7,7,noun,yes,no
引き金,引き鉄,3.4,0,0,1,9,7,9,9,9,8,9,noun,no,n/a
引き金,要因,8.2,8,8,9,8,8,8,4,9,10,8,noun,yes,no
引き金,引金,9.2,10,8,10,9,9,10,10,10,10,10,noun,yes,no
引き金,呼び水,6,8,1,6,8,7,8,8,6,8,3,noun,yes,no
引き金,動因,7.4,8,7,8,9,5,9,7,7,8,6,noun,yes,no
引き金,レバー,7.4,5,8,8,9,7,5,7,8,8,7,noun,yes,no
引き金,契機,6.8,7,1,9,9,8,8,6,7,8,2,noun,yes,no
引き金,トリガー,8.4,8,7,9,10,8,9,9,9,8,7,noun,yes,no
引金,引き鉄,5.6,8,2,9,2,7,9,8,9,9,10,noun,no,n/a
弱み,悪点,6,1,6,8,9,6,5,8,0,8,4,noun,no,n/a
弱み,欠点,7.4,8,2,10,9,8,9,9,7,8,9,noun,yes,no
弱み,問題点,6.4,8,3,9,6,6,7,8,9,8,8,noun,yes,no
弱み,問題,6.2,8,1,9,6,7,7,8,7,7,7,noun,yes,no
弱み,短所,8,9,6,10,7,8,9,10,8,9,8,noun,yes,no
弱み,難点,7.2,5,7,8,9,7,7,7,7,7,5,noun,yes,no
弱み,弱点,8.8,8,8,10,10,8,9,9,8,9,7,noun,yes,no
弱点,悪点,6.6,3,6,8,9,7,4,8,0,8,6,noun,no,n/a
弱点,ウィークポイント,9.4,9,10,10,10,8,10,9,10,9,9,noun,no,n/a
弱点,難点,5.6,8,2,9,6,3,8,8,9,8,8,noun,yes,no
弱点,問題点,7.8,8,6,8,9,8,4,8,6,7,6,noun,yes,no
弱点,短所,7.8,8,7,8,9,7,4,9,8,8,7,noun,yes,no
形,体勢,4.8,5,0,6,8,5,8,7,7,5,4,noun,yes,no
形態,多様性,2.6,0,1,4,6,2,1,3,2,6,3,noun,yes,no
彩り,色調,8,8,7,9,10,6,9,6,9,7,7,noun,yes,yes
彩り,色彩,8.6,8,8,9,10,8,9,7,8,7,6,noun,yes,yes
役割,職分,7.6,8,4,10,9,7,8,8,9,7,8,noun,yes,no
役割,役回り,7.8,8,6,8,10,7,3,7,7,9,6,noun,yes,no
役割,業種,6.2,6,6,7,8,4,6,7,8,4,6,noun,yes,no
役割,業務,7.4,8,7,8,9,5,6,7,8,7,4,noun,yes,no
役割,職務,7.4,7,5,8,9,8,6,7,8,7,4,noun,yes,no
役割,責務,7.2,7,5,7,9,8,9,7,8,7,2,noun,yes,no
役割,務め,8.2,8,8,8,9,8,9,7,8,8,7,noun,yes,no
役割,任務,8.2,8,8,8,9,8,9,7,9,9,7,noun,yes,no
役員,幹部,8.2,8,7,8,9,9,8,6,9,8,7,noun,yes,no
役員,上層部,7.2,6,7,8,7,8,8,7,7,9,6,noun,yes,no
役員,重鎮,7.4,6,7,8,9,7,8,8,7,8,6,noun,yes,no
役員,要人,7,8,3,7,9,8,8,6,6,7,7,noun,yes,no
役員,重役,6.6,7,2,6,9,9,6,6,8,6,7,noun,yes,no
役目,職務,7.4,8,7,9,7,6,7,7,9,6,9,noun,yes,no
役目,業種,5.4,7,2,9,7,2,7,8,8,7,8,noun,yes,no
役目,業務,7,7,4,9,9,6,5,6,8,7,8,noun,yes,no
役目,役割,8.6,9,7,10,9,8,9,8,9,9,9,noun,yes,no
役目,任務,8.8,8,8,9,10,9,7,8,9,9,8,noun,yes,no
役目,勤め,6.4,3,5,7,9,8,4,7,4,9,5,noun,yes,no
役目,職分,6.6,4,6,7,9,7,6,6,6,8,2,noun,yes,no
役目,責務,7.6,5,7,9,9,8,5,7,7,8,5,noun,yes,no
役目,役回り,8.2,7,8,8,10,8,9,7,9,8,7,noun,yes,no
役目,務め,7.8,8,7,8,9,7,6,7,8,8,6,noun,yes,no
役目,職業,6.4,5,3,7,9,8,9,6,8,8,3,noun,yes,no
心やり,慈悲,6.4,3,7,7,8,7,7,7,6,8,3,noun,yes,no
情報,経歴,3.2,3,0,7,2,4,3,6,5,4,5,noun,yes,no
情報,身元,2.4,0,1,4,5,2,6,3,3,7,3,noun,yes,no
情報,生い立ち,2.6,0,3,4,5,1,5,3,0,5,0,noun,yes,yes
情報,正体,2.2,0,1,3,5,2,0,4,1,6,0,noun,yes,no
情報,素性,2.6,0,1,4,7,1,8,6,4,2,1,noun,yes,no
惹句,キャチコピー,6.6,8,1,10,9,5,6,7,9,7,9,noun,yes,no
慰め,心やり,6,7,1,8,9,5,4,5,8,6,9,noun,yes,no
慰め,慈悲,6.6,7,5,9,6,6,7,8,9,8,7,noun,yes,no
慰め,慰安,6,2,6,5,9,8,3,6,7,9,3,noun,yes,no
慰め,気休め,5.2,4,3,7,5,7,2,6,6,7,5,noun,yes,no
慰め,気遣い,5,5,3,7,3,7,8,3,6,6,7,noun,yes,no
所在,素姓,6.2,6,6,5,7,7,6,6,8,8,5,noun,yes,no
所在,身上,6.4,5,6,8,9,4,6,6,3,6,3,noun,yes,no
所在,素性,5,6,2,5,9,3,9,6,4,1,3,noun,yes,no
手始め,端緒,7.2,8,2,10,8,8,6,6,9,9,9,noun,yes,no
手始め,先頭,7,6,5,9,8,7,4,8,9,8,6,noun,yes,no
手始め,トップ,5.4,6,0,8,7,6,6,7,8,6,7,noun,yes,no
手始め,皮切り,8,8,4,9,10,9,8,7,7,8,7,noun,yes,no
手段,術,7.4,8,4,8,9,8,8,8,9,8,9,noun,yes,no
手段,手法,8.8,8,10,9,9,8,9,9,9,8,10,noun,yes,no
手段,道筋,5.6,4,6,7,6,5,5,8,2,8,5,noun,yes,no
手段,手口,7.6,7,6,8,10,7,8,9,7,9,6,noun,yes,no
手段,すべ,9,8,10,9,10,8,9,8,8,8,6,noun,yes,no
手段,作戦,6.6,3,6,8,9,7,8,7,7,6,7,noun,yes,no
手法,すべ,8.2,7,10,8,9,7,5,8,8,8,6,noun,yes,no
才能,知能,5.8,5,4,7,9,4,5,6,6,7,3,noun,yes,no
才能,知力,6.8,6,5,8,8,7,9,6,5,7,6,noun,yes,no
拠り所,慰め,5.8,2,6,4,9,8,2,7,3,8,2,noun,yes,no
支え,拠り所,7.2,6,6,9,7,8,8,4,9,8,10,noun,yes,no
支え,慰め,5.4,8,0,6,6,7,6,8,8,5,6,noun,yes,no
救い,よりどころ,6.6,10,3,4,9,7,9,7,4,8,4,noun,no,n/a
救い,心やり,6,6,2,8,8,6,3,3,7,6,0,noun,yes,yes
救い,気休め,5.2,7,5,1,5,8,7,7,7,7,6,noun,yes,yes
救い,慈悲,7.8,9,6,8,9,7,6,7,4,9,5,noun,yes,yes
救い,慰安,3,0,0,2,5,8,1,6,4,8,4,noun,yes,yes
救い,慰め,5,2,6,7,3,7,5,6,6,7,6,noun,yes,yes
敷地,寺社内,5,4,4,3,9,5,7,3,3,8,6,noun,no,n/a
敷地,本殿内,5.4,4,5,6,9,3,6,4,3,5,5,noun,no,n/a
敷地,敷地内,7.8,7,7,8,9,8,9,6,6,9,7,noun,yes,no
敷地,構内,6.6,7,1,9,9,7,8,7,5,8,6,noun,yes,no
敷地,寺中,4.2,2,4,4,8,3,5,6,9,4,5,noun,yes,no
敷地,境内,5,7,6,3,8,1,7,4,9,8,4,noun,yes,no
敷地内,寺社内,6.4,4,6,8,9,5,8,3,7,7,3,noun,no,n/a
敷地内,神社内,3.6,2,3,3,9,1,5,4,9,6,4,noun,no,n/a
敷地内,寺中,4.4,3,3,3,9,4,6,3,3,8,3,noun,yes,no
敷地内,境内,4.4,3,1,3,9,6,4,3,4,8,4,noun,yes,no
敷地内,神域,2.8,0,0,2,9,3,6,6,7,4,4,noun,yes,no
敷地内,寺内,5.4,6,3,3,9,6,9,4,9,7,5,noun,yes,no
文書,専門書,6.8,6,5,8,8,7,6,9,8,5,7,noun,no,n/a
文書,書籍ソース,5.4,4,6,6,9,2,3,6,3,8,3,noun,no,n/a
文書,文物,8,10,8,10,8,4,7,7,9,9,7,noun,yes,no
文書,書籍,7.2,6,6,8,10,6,5,8,5,9,5,noun,yes,no
文書,文章,6,6,4,9,9,2,6,6,7,7,8,noun,yes,no
文書,書物,8.4,6,10,9,10,7,9,6,6,8,5,noun,yes,no
文書,典拠,7.2,7,7,7,9,6,5,5,6,7,7,noun,yes,no
文書,論文,6,4,4,6,9,7,10,6,7,8,7,noun,yes,no
文献,書籍ソース,6,6,5,7,6,6,8,3,5,7,5,noun,no,n/a
文献,専門書,6.2,6,6,9,7,3,4,8,8,5,7,noun,no,n/a
文献,文物,7.6,6,6,9,10,7,3,9,9,8,8,noun,yes,no
文献,読み物,7.2,7,9,9,8,3,6,8,9,6,8,noun,yes,no
文献,典拠,5.8,5,4,5,9,6,4,4,6,8,5,noun,yes,no
文献,書籍,8,6,7,9,10,8,8,7,6,7,7,noun,yes,no
文献,文書,8.2,8,7,9,10,7,9,6,8,6,7,noun,yes,no
文献,書物,7.6,7,5,8,10,8,9,6,7,7,7,noun,yes,no
文章,文物,5.8,2,5,9,9,4,7,6,8,4,2,noun,yes,no
文章,文献,6.8,6,7,5,9,7,10,6,9,7,5,noun,yes,no
方法,術,7.8,8,6,9,9,7,8,9,9,9,10,noun,yes,no
方法,すべ,9,8,10,10,9,8,9,7,9,8,10,noun,yes,no
方法,手口,8.6,8,9,9,8,9,8,8,9,8,8,noun,yes,no
方法,作戦,6.6,6,5,9,9,4,4,7,4,8,6,noun,yes,no
方法,道,5.6,0,6,6,9,7,6,7,5,7,5,noun,yes,no
方法,手法,8.4,8,8,9,9,8,7,9,10,8,7,noun,yes,no
方法,手段,8.2,8,7,9,9,8,9,8,9,8,5,noun,yes,no
方法,道筋,6,6,2,6,9,7,9,7,8,5,6,noun,yes,no
方針,テーマ,7.4,8,7,6,9,7,8,6,8,7,8,noun,yes,no
方針,基調,5,0,2,7,8,8,1,6,7,8,5,noun,yes,no
方針,ベース,6.6,5,4,9,8,7,9,7,8,5,6,noun,yes,no
書物,書籍ソース,6.6,6,6,9,8,4,7,7,9,7,9,noun,no,n/a
書物,読み物,7.8,9,9,10,9,2,9,8,9,9,8,noun,yes,no
書物,書籍,9.4,10,9,10,9,9,9,10,9,10,8,noun,yes,no
書物,文章,4.6,3,3,5,9,3,2,4,4,8,6,noun,yes,no
書物,論文,6.2,5,7,6,9,4,4,6,3,7,6,noun,yes,no
書物,文物,6.6,2,6,8,10,7,9,7,6,8,7,noun,yes,no
書籍,文物,7.4,8,5,9,8,7,6,9,9,6,7,noun,yes,no
書籍,論文,4.4,4,2,5,8,3,3,4,2,8,5,noun,yes,no
服,衣,8.4,8,6,10,10,8,8,8,9,8,10,noun,yes,no
服,装束,7.4,8,5,10,8,6,6,6,9,9,9,noun,yes,no
服,着物,5.8,5,4,8,10,2,6,6,4,8,5,noun,yes,no
服,衣服,9,9,9,9,10,8,10,9,9,9,7,noun,yes,no
服,服装,8.2,7,8,8,10,8,10,7,8,9,7,noun,yes,no
服,ドレス,6.6,7,3,6,9,8,8,4,3,7,7,noun,yes,no
服装,衣装,8,8,8,9,9,6,9,9,9,9,10,noun,yes,no
服装,ユニフォーム,7.8,8,5,9,8,9,6,9,8,8,9,noun,yes,no
服装,スタイル,5.6,1,6,4,9,8,3,6,7,6,9,noun,yes,no
服装,制服,7.4,7,7,7,9,7,7,5,5,8,5,noun,yes,no
服装,ファッション,8.2,8,7,9,9,8,8,8,7,9,7,noun,yes,no
服装,衣服,8.8,8,9,8,10,9,9,7,8,9,8,noun,yes,no
服装,コスチューム,7.8,8,7,8,9,7,8,6,5,6,6,noun,yes,no
服装,装束,7.6,8,7,7,10,6,9,7,5,6,6,noun,yes,no
服装,格好,7.4,7,5,9,9,7,9,7,10,7,6,noun,yes,no
本,書籍ソース,4.4,0,4,5,9,4,6,7,2,7,5,noun,no,n/a
本,文書,7.4,9,6,9,8,5,9,6,9,9,8,noun,yes,no
本,資料,6.2,5,5,8,8,5,4,8,8,4,6,noun,yes,no
本,文献,7.2,6,8,10,8,4,7,8,8,6,8,noun,yes,no
本,読み物,7.2,8,6,7,10,5,9,7,6,9,6,noun,yes,no
本,書物,8.2,7,8,7,10,9,7,8,7,9,7,noun,yes,no
本,論文,4.4,3,3,6,8,2,8,6,7,7,6,noun,yes,no
本,書籍,9,7,10,9,10,9,10,9,10,9,7,noun,yes,no
格好,ユニフォーム,6,3,6,9,5,7,3,6,7,7,7,noun,yes,no
格好,コスチューム,6.4,6,2,6,9,9,4,3,6,8,5,noun,yes,no
格好,ファッション,8,8,8,8,9,7,6,7,9,7,4,noun,yes,no
格好,衣装,7.2,7,5,8,9,7,9,5,6,7,6,noun,yes,no
格好,制服,6.4,6,2,8,9,7,6,6,6,7,3,noun,yes,no
業務,職質,4.2,0,0,5,9,7,8,7,1,6,6,noun,no,n/a
業務,職分,7.8,8,5,9,9,8,8,7,8,6,6,noun,yes,no
業種,役回り,7.2,7,7,9,7,6,3,4,8,8,6,noun,yes,no
概略,大要,8.2,8,7,9,9,8,8,8,9,8,6,noun,yes,no
概要,概略,7.2,7,4,9,7,9,8,9,9,10,10,noun,yes,no
概要,大要,7,6,4,8,9,8,7,7,8,9,4,noun,yes,no
概要,主要,5.6,5,1,6,9,7,2,7,6,9,3,noun,yes,no
概要,要点,7,5,7,6,9,8,4,8,6,9,3,noun,yes,no
概要,要旨,7.8,7,5,8,10,9,9,7,9,9,6,noun,yes,no
概要,あらまし,9.2,8,10,9,10,9,9,7,8,8,7,noun,yes,no
構え,体勢,6,6,1,9,7,7,5,6,8,8,3,noun,yes,no
構え,姿勢,6.8,5,4,9,9,7,7,6,9,9,8,noun,yes,no
構え,現状,2.6,0,0,6,4,3,1,2,5,0,0,noun,yes,no
標語,謳い文句,5,8,0,7,5,5,5,5,8,7,9,noun,yes,no
標語,キャチコピー,6.6,1,7,9,10,6,7,8,8,9,2,noun,yes,no
標語,うたい文句,6.4,0,7,8,9,8,6,9,6,9,0,noun,yes,no
標語,キャッチフレーズ,6,0,7,8,9,6,8,8,8,9,5,noun,yes,no
標語,惹句,6.6,8,2,8,9,6,6,7,7,7,3,noun,yes,no
欠点,ウィークポイント,9.2,9,8,10,10,9,9,10,9,9,9,noun,no,n/a
欠点,悪点,6.8,5,5,8,10,6,5,8,0,8,6,noun,no,n/a
欠点,短所,8.6,8,8,10,9,8,9,9,8,8,9,noun,yes,no
欠点,難点,6,3,3,7,9,8,6,9,6,8,6,noun,yes,no
欠点,弱点,7.4,8,5,7,9,8,8,8,7,7,6,noun,yes,no
欠点,問題点,7.8,8,8,8,9,6,8,7,9,7,8,noun,yes,no
欠点,泣き所,5.8,0,4,9,10,6,7,8,8,8,5,noun,yes,no
正体,実態,6,7,1,9,8,5,6,7,9,7,5,noun,yes,no
正体,身分,6.4,5,4,9,6,8,7,4,8,9,9,noun,yes,no
正体,身上,7.2,6,5,9,7,9,7,7,9,8,9,noun,yes,no
正体,身許,4.8,3,1,2,10,8,5,6,5,9,3,noun,yes,no
正体,生い立ち,5.6,0,5,7,9,7,6,7,3,8,4,noun,yes,yes
正体,出どころ,5.4,0,5,6,9,7,6,6,5,7,0,noun,yes,no
正体,素性,8.4,7,9,9,10,7,9,7,7,8,6,noun,yes,no
正体,経歴,5.8,5,1,8,8,7,9,6,6,5,6,noun,yes,no
正体,素姓,8.2,8,8,8,9,8,7,7,9,7,6,noun,yes,no
残念,問題,4.8,7,0,8,3,6,3,4,2,5,0,noun,yes,no
残念,弱み,5,7,0,9,3,6,3,8,5,7,7,noun,yes,no
残念,弱点,3.6,2,1,3,8,4,1,3,4,7,5,noun,yes,no
残念,難点,3.8,2,0,5,8,4,4,2,4,7,6,noun,yes,no
残念,短所,5,4,3,4,8,6,4,2,6,7,6,noun,yes,no
残念,欠点,5.8,6,2,7,8,6,6,4,1,7,6,noun,yes,no
残念,問題点,6.2,6,2,7,9,7,9,3,1,8,6,noun,yes,no
民,大衆,7.8,8,7,7,9,8,7,8,5,9,8,noun,yes,no
民,民衆,7.8,6,6,9,10,8,9,7,9,8,6,noun,yes,no
民,庶民,7.8,6,7,8,10,8,8,6,9,8,6,noun,yes,no
民,群衆,7.8,6,7,8,10,8,8,6,6,8,6,noun,yes,no
民衆,市井,7.8,7,6,10,8,8,6,3,9,7,8,noun,yes,no
民衆,一般市民,8.2,7,7,10,8,9,9,8,9,7,8,noun,yes,no
民衆,群衆,7.6,7,6,8,10,7,7,6,7,9,7,noun,yes,no
民衆,世間,6.8,6,6,5,10,7,8,6,5,9,8,noun,yes,no
民衆,庶民,8.2,7,8,8,10,8,8,7,5,9,7,noun,yes,no
民衆,人,7.6,6,6,8,10,8,8,6,6,9,6,noun,yes,no
民衆,大衆,8,6,7,8,10,9,8,7,9,7,7,noun,yes,no
民衆,聴衆,7.2,6,7,7,9,7,8,6,9,6,5,noun,yes,no
気休め,慰安,4.2,6,1,2,6,6,3,8,5,6,8,noun,yes,no
気晴らし,慰安,6,2,8,6,6,8,7,3,6,5,3,noun,yes,no
気晴らし,慰め,5,0,6,4,8,7,5,6,6,8,0,noun,yes,no
気晴らし,気休め,7.2,6,4,8,10,8,7,5,8,8,7,noun,yes,no
気晴らし,救い,4.2,0,1,7,5,8,6,3,3,7,2,noun,yes,yes
河原,河原沿い,6.6,7,5,5,9,7,9,5,7,7,7,noun,no,n/a
河原,川べり,6,5,6,6,7,6,9,6,6,8,6,noun,yes,no
河原,河川敷,7.8,6,8,8,9,8,8,7,8,8,7,noun,yes,no
河原沿い,河川敷,7.6,8,4,8,9,9,8,8,7,9,8,noun,no,n/a
洋服,スタイル,6,6,1,8,8,7,4,5,7,7,9,noun,yes,no
洋服,格好,5.8,7,2,6,8,6,4,5,6,6,9,noun,yes,no
洋服,服装,6.8,8,6,6,9,5,8,7,8,8,8,noun,yes,no
洋服,衣服,8,7,8,9,10,6,9,8,7,8,7,noun,yes,no
洋服,衣装,7.6,8,6,8,10,6,8,6,7,8,5,noun,yes,no
洋服,コスチューム,7.2,5,7,7,9,8,7,7,7,8,7,noun,yes,no
洋服,ファッション,7.8,7,7,9,9,7,9,4,9,7,7,noun,yes,no
流れ,一続き,5.4,0,4,6,8,9,4,7,4,7,2,noun,no,n/a
流れ,一連,7,7,5,7,9,7,8,6,8,5,7,noun,yes,no
炎天下,酷暑,8.2,6,9,9,9,8,7,9,9,6,7,noun,yes,no
炎天下,猛暑,8.6,7,10,9,9,8,8,7,7,7,8,noun,yes,no
物,物体,8.2,10,5,9,10,7,9,7,7,9,7,noun,yes,no
物,固体,6.2,7,6,7,9,2,7,4,4,4,5,noun,yes,no
物,物質,8.4,5,10,10,10,7,9,7,10,7,7,noun,yes,no
物体,固体,6.6,6,9,9,8,1,6,9,6,8,8,noun,yes,no
物体,物質,8.8,7,10,9,10,8,7,6,8,7,7,noun,yes,no
状態,姿勢,4.6,1,4,4,9,5,2,3,2,7,3,noun,yes,no
状態,体勢,5.8,5,5,6,9,4,8,8,4,6,4,noun,yes,no
状況,体勢,4.6,4,0,9,7,3,3,6,7,2,8,noun,yes,no
状況,現状,6.2,6,6,7,9,3,6,6,6,7,2,noun,yes,no
状況,姿勢,3.2,0,0,3,9,4,2,3,3,4,0,noun,yes,no
状況,構え,4.2,0,0,6,9,6,6,4,4,3,6,noun,yes,no
猛暑,酷暑,8.4,8,8,9,10,7,9,9,8,8,8,noun,yes,no
猛暑,真夏日,7.4,7,10,9,9,2,7,9,8,8,8,noun,yes,no
猛暑,熱波,6,6,6,7,8,3,7,6,3,8,3,noun,yes,no
猛暑,厳暑,7.8,7,8,9,9,6,9,8,10,8,8,noun,yes,no
生い立ち,身元,6.2,7,3,9,7,5,7,4,7,7,1,noun,yes,yes
生い立ち,出どころ,6,7,0,9,6,8,7,5,9,8,8,noun,yes,yes
生い立ち,身分,4.8,3,1,3,9,8,3,6,6,8,0,noun,yes,yes
生い立ち,素性,8,8,6,8,10,8,6,7,6,9,6,noun,yes,yes
発端,引き金,8,9,6,9,8,8,8,6,9,9,8,noun,yes,no
発端,動因,6.2,5,4,6,9,7,8,7,3,8,3,noun,yes,no
発端,トリガー,7.4,8,3,9,10,7,6,7,8,9,2,noun,yes,no
発端,要因,6.2,7,6,9,1,8,9,7,9,4,2,noun,yes,no
皆,聴衆,6.8,5,5,8,8,8,6,4,8,8,6,noun,yes,no
皆,民,5.8,6,2,8,6,7,6,7,9,7,5,noun,yes,no
皆,民衆,7,5,5,9,8,8,6,8,9,8,8,noun,yes,no
皆,大衆,7.2,6,5,10,7,8,6,7,9,7,8,noun,yes,no
皆,群衆,6.8,5,5,7,9,8,7,6,7,9,4,noun,yes,no
皆,人民,7,6,5,7,10,7,8,6,8,7,5,noun,yes,no
皮切り,端緒,7,8,1,10,8,8,3,7,9,9,9,noun,yes,no
皮切り,筆頭,6.8,8,2,8,8,8,8,6,8,7,3,noun,yes,no
目玉,先頭,3.4,1,1,4,8,3,3,3,3,0,0,noun,yes,no
目玉,手始め,1,0,0,3,0,2,0,6,3,1,0,noun,yes,no
目玉,トップ,6,5,7,9,5,4,6,5,8,3,0,noun,yes,no
目覚め,寝起き,7.6,6,6,9,9,8,7,7,6,6,6,noun,yes,no
目覚め,始まり,4.4,0,3,5,8,6,3,6,4,6,4,noun,yes,yes
目覚め,お目覚め,9,8,9,10,10,8,9,10,10,10,10,noun,yes,no
真夏日,酷暑,8,8,10,8,9,5,9,7,3,7,9,noun,yes,no
着物,装束,7.6,8,8,9,7,6,5,7,9,7,9,noun,yes,no
着物,衣,7.6,8,5,10,8,7,7,7,9,9,10,noun,yes,no
着物,衣服,7,5,6,8,10,6,8,6,7,9,6,noun,yes,no
着物,服装,7,6,6,8,9,6,9,4,3,7,7,noun,yes,no
着物,お召し物,7.4,4,6,9,10,8,8,6,6,7,6,noun,yes,no
知力,知能,7.6,8,8,9,8,5,7,10,9,9,8,noun,yes,no
知力,知性,7.6,7,9,8,9,5,9,6,8,9,7,noun,yes,no
知性,能力,6.2,6,2,8,8,7,6,6,7,5,7,noun,yes,no
知恵,頭脳,8,7,7,9,9,8,7,8,9,8,8,noun,yes,no
知恵,知力,6.8,8,7,5,9,5,8,6,7,8,4,noun,yes,no
知恵,知性,7,8,6,7,9,5,6,6,8,9,7,noun,yes,no
知能,知的能力,8.4,10,5,8,10,9,9,9,9,10,10,noun,no,n/a
知能,賢さ,8,8,8,9,9,6,8,9,9,9,8,noun,no,n/a
知能,頭脳,8.2,8,7,9,9,8,8,9,8,8,8,noun,yes,no
知能,知性,7.2,6,7,7,9,7,8,8,7,8,5,noun,yes,no
知能,知恵,8,8,8,7,9,8,9,7,7,8,6,noun,yes,no
知識,頭脳,6.8,6,6,7,8,7,7,6,7,9,6,noun,yes,no
知識,知恵,7.2,6,8,9,8,5,7,7,7,8,8,noun,yes,no
知識,知性,8.2,7,9,9,9,7,7,9,8,8,8,noun,yes,no
知識,知能,7,7,5,7,9,7,8,6,9,8,6,noun,yes,no
知識,知力,7.4,6,7,7,9,8,10,6,6,8,7,noun,yes,no
短所,ウィークポイント,7.6,6,7,7,9,9,4,9,8,9,8,noun,no,n/a
短所,悪点,6.4,8,1,9,9,5,10,8,9,8,6,noun,no,n/a
短所,問題点,7,9,4,8,7,7,6,6,6,7,8,noun,yes,no
短所,難点,6,8,2,9,6,5,6,6,8,8,7,noun,yes,no
私,己れ,7.4,4,6,8,10,9,10,9,7,9,7,noun,no,n/a
私,自分自身,8.6,10,5,10,9,9,9,7,9,10,8,noun,yes,no
私,自己,8.6,10,5,10,9,9,9,9,9,10,8,noun,yes,no
私,自分,8,3,9,9,10,9,10,9,7,9,8,noun,yes,no
私,我,8,4,9,8,10,9,10,9,6,9,5,noun,yes,no
私,自ら,7.8,6,5,9,10,9,8,9,9,9,7,noun,yes,no
私,自身,8.2,8,5,9,10,9,8,9,10,9,8,noun,yes,no
私自身,己,7.4,4,6,8,10,9,10,9,7,9,7,noun,yes,no
私自身,自身,7.8,6,6,8,10,9,10,7,7,9,8,noun,yes,no
種類,形態,5.2,7,0,8,5,6,6,7,8,5,7,noun,yes,no
種類,多様性,5.6,3,2,7,9,7,3,7,6,7,4,noun,yes,no
稼ぎ,ファイトマネー,6.2,7,6,7,6,5,3,6,7,4,7,noun,yes,no
稼ぎ,ギャラ,8.2,8,6,10,9,8,7,8,9,7,8,noun,yes,no
稼ぎ,報酬,7.6,6,6,8,10,8,8,7,5,9,8,noun,yes,no
稼ぎ,賃金,7.2,9,1,8,10,8,9,7,10,8,8,noun,yes,no
稼ぎ,給料,8.8,8,9,9,10,8,10,8,9,8,7,noun,yes,no
第一番,先頭,8,6,6,10,10,8,6,8,9,8,10,noun,no,n/a
第一番,ホープ,4.6,5,0,8,6,4,3,6,8,5,0,noun,no,n/a
第一番,筆頭,6.8,7,3,9,9,6,6,8,9,8,9,noun,no,n/a
第一番,総統,5.4,2,7,5,9,4,4,5,3,8,0,noun,no,n/a
第一番,頭,6.8,7,2,9,8,8,8,6,5,7,4,noun,no,n/a
第一番,リーダー,5.2,6,1,5,9,5,9,6,5,7,1,noun,no,n/a
第一番,皮きり,5.6,6,3,7,6,6,7,7,7,8,6,noun,no,n/a
筆頭,有力者,6.2,7,0,9,7,8,6,6,5,8,8,noun,no,n/a
筆頭,ホープ,5.4,6,0,8,7,6,7,5,8,7,0,noun,yes,no
筆頭,皮きり,5,2,2,9,4,8,7,6,1,2,1,noun,yes,no
筆頭,頭,7,7,3,9,8,8,7,6,8,9,10,noun,yes,no
筆頭,目玉,4.4,6,1,6,2,7,3,6,4,3,6,noun,yes,no
筆頭,手始め,5.4,2,3,5,9,8,5,4,3,6,6,noun,yes,no
筆頭,リーダー,7.8,7,7,6,10,9,8,7,8,9,7,noun,yes,no
筆頭,端緒,4.2,2,0,5,8,6,4,3,6,3,3,noun,yes,no
筆頭,巨匠,3.6,0,0,3,7,8,2,3,4,5,0,noun,yes,no
筆頭,トップ,7.8,8,3,9,10,9,9,7,9,8,7,noun,yes,no
筆頭,総統,6.4,6,5,7,7,7,7,7,9,7,6,noun,yes,no
素姓,身分,7.6,6,6,9,9,8,7,7,9,9,8,noun,yes,no
素姓,素性,9,8,8,10,10,9,9,8,9,10,10,noun,yes,no
素姓,身上,6.8,4,4,8,10,8,6,6,6,9,4,noun,yes,no
素姓,身許,7,3,8,7,9,8,9,6,6,9,3,noun,yes,no
素性,身許,8,8,4,10,10,8,7,9,9,8,10,noun,yes,no
素性,出どころ,7.6,7,7,7,9,8,6,6,5,8,3,noun,yes,no
素性,実態,5.6,1,6,7,8,6,4,4,6,9,4,noun,yes,no
素性,身分,8,8,7,8,9,8,9,6,7,7,5,noun,yes,no
経歴,出どころ,5.2,6,1,6,7,6,6,7,7,8,7,noun,yes,no
経歴,素性,6.6,4,6,6,9,8,6,7,5,9,4,noun,yes,no
経歴,生い立ち,8,7,7,9,9,8,7,7,7,9,5,noun,yes,yes
経歴,身元,6.2,3,4,8,9,7,8,6,5,6,7,noun,yes,no
経歴,身分,6.2,3,6,8,9,5,6,6,6,7,7,noun,yes,no
給料,ギャランティー,7.6,6,8,6,10,8,6,9,6,9,7,noun,yes,no
給料,ファイトマネー,4.6,0,4,5,10,4,6,3,1,9,6,noun,yes,no
給料,賃金,8.2,9,5,9,10,8,10,8,10,7,9,noun,yes,no
総統,ホープ,2,0,0,5,3,2,0,3,3,7,0,noun,yes,no
群衆,一般市民,7.4,7,7,7,8,8,5,6,8,6,0,noun,yes,no
群衆,庶民,7.4,7,6,7,9,8,8,7,6,8,6,noun,yes,no
群衆,大衆,7.6,7,4,8,10,9,8,7,7,9,7,noun,yes,no
群衆,一般人,8,6,9,8,9,8,8,6,9,6,6,noun,yes,no
群衆,市井,4.2,0,1,7,9,4,6,3,6,6,6,noun,yes,no
義務,宿命,7,5,6,9,9,6,8,7,4,4,1,noun,yes,no
考え,基調,5.6,3,2,9,8,6,5,8,0,5,7,noun,yes,no
考え,考え方,8.4,9,7,9,10,7,7,7,6,9,8,noun,yes,no
考え,要点,4,0,2,6,9,3,6,6,3,3,3,noun,yes,no
考え,基本,4.4,4,2,5,7,4,8,6,2,1,4,noun,yes,no
考え方,基調,5.2,5,0,7,8,6,5,5,7,6,6,noun,yes,no
考え方,要点,4.8,3,1,6,9,5,4,7,0,2,7,noun,yes,no
考え方,基本,5.4,6,2,5,9,5,3,4,5,4,2,noun,yes,no
聴衆,群衆,7,8,6,6,9,6,6,6,3,9,6,noun,yes,no
職務,職質,3.4,1,6,2,2,6,6,2,0,6,2,noun,no,n/a
職務,業種,7.2,8,6,9,8,5,7,6,7,8,8,noun,yes,no
職務,職業,6.4,4,3,7,10,8,8,7,5,8,6,noun,yes,no
職務,勤め,8.2,7,8,9,10,7,9,7,6,8,5,noun,yes,no
職務,業務,8.2,7,6,9,10,9,8,7,6,9,5,noun,yes,no
職務,職分,8,7,7,8,10,8,8,7,7,7,4,noun,yes,no
職務,お仕事,7.8,8,7,9,9,6,8,7,8,9,9,noun,yes,no
職務,役回り,7.6,6,7,8,10,7,6,7,6,8,5,noun,yes,no
職業,勤め,7.4,8,6,8,9,6,7,8,9,8,9,noun,yes,no
職業,役割,6.2,7,3,9,7,5,3,7,8,7,8,noun,yes,no
職業,任務,6.6,8,1,9,8,7,6,7,8,6,8,noun,yes,no
職業,役回り,5.8,6,3,5,9,6,6,8,7,8,6,noun,yes,no
職業,業種,8,9,5,8,10,8,7,6,7,8,2,noun,yes,no
能力,知的能力,6,5,6,9,5,5,6,8,8,5,8,noun,no,n/a
能力,知能,6.8,5,4,9,8,8,6,8,7,5,7,noun,yes,no
能力,才能,6.8,7,3,9,8,7,7,7,8,7,9,noun,yes,no
能力,知力,6.4,5,3,9,9,6,6,8,7,5,8,noun,yes,no
能力,知恵,4.8,0,4,7,9,4,4,6,4,7,5,noun,yes,no
能力,知識,5,2,6,5,8,4,5,7,5,7,6,noun,yes,no
能力,頭脳,5.2,0,6,4,9,7,6,6,6,7,2,noun,yes,no
自ら,己れ,7.6,4,6,9,10,9,10,9,7,9,7,noun,no,n/a
自ら,我,6.8,1,6,8,10,9,7,9,6,9,7,noun,yes,no
自ら,自己,7.8,5,7,9,10,8,9,8,6,9,6,noun,yes,no
自ら,己,7.6,3,7,9,10,9,10,9,6,9,8,noun,yes,no
自分,己れ,7.6,4,7,9,10,8,10,9,6,9,7,noun,no,n/a
自分,我,8,9,3,10,9,9,9,8,9,10,10,noun,yes,no
自分,自ら,7.8,5,6,9,10,9,7,9,6,9,7,noun,yes,no
自分,俺,7.8,4,6,10,10,9,10,9,6,9,7,noun,yes,no
自分,私自身,8.8,8,10,9,10,7,8,9,10,10,7,noun,yes,no
自分,僕,7,7,1,8,11,8,6,9,9,8,7,noun,yes,no
自分,自身,8.8,7,10,9,10,8,9,8,10,9,8,noun,yes,no
自分,己,9,8,8,10,10,9,9,9,10,9,7,noun,yes,no
自分,自己,9,8,8,10,10,9,10,9,10,9,6,noun,yes,no
自分自身,己れ,8.2,9,4,10,9,9,9,8,9,10,10,noun,no,n/a
自分自身,自己,9,9,8,9,10,9,9,9,9,9,10,noun,yes,no
自分自身,我,8,9,4,10,8,9,9,8,9,10,10,noun,yes,no
自分自身,俺,8.6,10,5,10,9,9,9,8,9,10,8,noun,yes,no
自分自身,自身,9,10,8,9,10,8,10,9,7,9,7,noun,yes,no
自分自身,自ら,7.6,8,2,9,10,9,9,9,10,8,9,noun,yes,no
自分自身,自分,9,8,10,9,10,8,9,9,10,9,9,noun,yes,no
自分自身,僕,7.2,8,2,8,10,8,8,9,10,9,8,noun,yes,no
自動車,長い車,3.2,2,3,3,7,1,4,3,3,3,3,noun,no,n/a
自動車,高級車,5.8,5,6,8,7,3,2,8,5,7,5,noun,yes,no
自動車,リムジン,6.8,6,10,6,9,3,8,3,3,5,2,noun,yes,no
自己,我,8.2,8,6,8,10,9,9,9,7,9,7,noun,yes,no
自身,己れ,7.4,7,3,9,10,8,9,9,10,9,7,noun,no,n/a
自身,自ら,8.2,9,5,9,9,9,9,9,9,6,10,noun,yes,no
自身,自己,9,7,9,10,10,9,8,9,10,9,8,noun,yes,no
自身,己,8.2,8,5,9,10,9,8,9,10,9,8,noun,yes,no
自身,我,8.6,8,7,9,10,9,8,9,10,9,6,noun,yes,no
色,色合わせ,6.2,6,7,7,8,3,5,8,6,7,8,noun,no,n/a
色,ト—ン,7.4,8,7,8,9,5,7,7,4,6,8,noun,no,n/a
色,カラー,9.4,8,10,10,10,9,10,10,9,10,10,noun,yes,no
色,色相,7.8,8,9,9,7,6,6,7,9,7,8,noun,yes,no
色,カラーリング,8,8,10,9,7,6,7,8,7,6,8,noun,yes,no
色,彩り,8,8,10,9,8,5,7,8,8,7,8,noun,yes,yes
色,色合い,6.8,6,7,8,9,4,7,6,6,7,6,noun,yes,no
色,色彩,6.4,8,5,5,9,5,7,6,5,8,7,noun,yes,no
色,色とりどり,7,7,6,6,9,7,6,4,4,9,6,noun,yes,no
色,色調,7.6,8,7,7,9,7,7,7,7,8,7,noun,yes,no
色とりどり,色彩,8.6,8,10,10,8,7,7,9,9,8,7,noun,yes,no
色とりどり,色相,6,5,5,4,9,7,4,4,5,8,6,noun,yes,no
色合い,色合わせ,7.2,7,7,10,8,4,7,9,9,9,8,noun,no,n/a
色合い,ト—ン,8,8,7,7,10,8,9,7,6,8,6,noun,no,n/a
色合い,カラーリング,8,8,8,10,7,7,6,6,9,9,8,noun,yes,no
色合い,傾向,4.2,5,0,4,7,5,7,6,2,4,7,noun,yes,no
色合い,色調,8.2,9,6,8,10,8,7,7,7,9,6,noun,yes,no
色合い,彩り,7.4,9,4,6,10,8,6,7,5,8,5,noun,yes,yes
色合い,雰囲気,3.8,0,2,5,7,5,3,4,2,3,5,noun,yes,no
色合わせ,色彩,6,4,6,6,10,4,3,7,5,9,5,noun,no,n/a
色合わせ,色調,6.2,3,8,8,8,4,6,7,6,7,5,noun,no,n/a
色合わせ,ト—ン,6.4,2,7,8,8,7,6,7,4,8,3,noun,no,n/a
色合わせ,カラーリング,6.8,4,5,8,9,8,10,7,9,7,6,noun,no,n/a
色彩,ト—ン,8,8,8,7,9,8,7,7,7,8,5,noun,no,n/a
色彩,色調,7.2,9,6,6,10,5,10,7,7,9,6,noun,yes,no
色彩,色相,7.6,9,6,6,9,8,5,7,7,8,6,noun,yes,no
色彩,色合い,8.2,10,7,7,10,7,7,7,7,9,7,noun,yes,no
色彩,カラーリング,8,8,6,9,10,7,9,7,9,6,6,noun,yes,no
衆人,世間,6.6,7,5,8,5,8,6,5,8,8,9,noun,yes,no
衆人,皆,7.6,7,5,9,9,8,6,9,9,8,8,noun,yes,no
衆人,人々,7.6,6,7,10,7,8,6,8,9,8,8,noun,yes,no
衆人,大衆,7.6,7,6,7,10,8,7,6,7,9,6,noun,yes,no
衆人,国民,7.8,3,10,8,10,8,8,7,8,8,4,noun,yes,no
衆人,群衆,8.8,7,10,9,10,8,6,6,9,8,7,noun,yes,no
衆人,聴衆,7.2,6,7,7,9,7,8,6,8,8,7,noun,yes,no
衆人,民衆,8,6,8,8,10,8,9,7,9,8,7,noun,yes,no
術,手口,6.2,8,1,8,7,7,4,6,8,8,5,noun,yes,no
術,作戦,7.4,8,3,9,9,8,6,8,8,7,6,noun,yes,no
衣,装束,6.8,5,6,6,10,7,7,4,7,8,3,noun,yes,no
衣,服装,7.2,5,8,7,10,6,9,7,6,9,6,noun,yes,no
衣,お召し物,7.4,5,7,7,10,8,9,8,7,9,6,noun,yes,no
衣服,お召し物,7.6,8,5,10,7,8,8,9,9,7,10,noun,yes,no
衣服,衣,7.2,8,5,10,8,5,3,9,9,9,10,noun,yes,no
衣服,装束,7.6,8,7,9,7,7,6,6,9,9,9,noun,yes,no
衣服,格好,5.6,5,4,3,9,7,6,8,6,6,9,noun,yes,no
衣服,衣装,8.2,8,7,9,10,7,6,6,8,7,7,noun,yes,no
衣服,ファッション,8.4,8,8,9,9,8,8,6,6,8,8,noun,yes,no
衣服,コスチューム,8.4,8,6,9,10,9,8,6,5,8,7,noun,yes,no
衣服,スタイル,5.6,6,1,8,8,5,7,3,2,7,3,noun,yes,no
衣装,着物,6.6,8,4,9,7,5,6,7,9,9,10,noun,yes,no
衣装,ファッション,8.2,8,6,9,10,8,7,9,9,8,10,noun,yes,no
衣装,ドレス,7,6,4,9,7,9,4,7,9,9,8,noun,yes,no
衣装,コスチューム,7.8,8,5,7,10,9,9,7,7,8,6,noun,yes,no
衣装,衣,5.6,3,5,4,10,6,6,4,6,9,4,noun,yes,no
衣装,服,7.8,5,7,10,10,7,9,7,7,9,7,noun,yes,no
衣装,装束,8,8,6,8,10,8,7,7,6,8,7,noun,yes,no
衣装,お召し物,8.6,8,9,8,10,8,8,7,6,7,6,noun,yes,no
要人,上層部,7.2,7,5,9,7,8,6,4,8,8,9,noun,yes,no
要人,幹部,7,5,6,7,9,8,6,6,7,8,6,noun,yes,no
要人,重役,8.4,7,8,9,9,9,7,7,9,8,6,noun,yes,no
要因,トリガー,6.6,8,6,9,2,8,9,5,9,9,0,noun,yes,no
要因,動因,7.6,9,6,9,8,6,7,6,8,9,10,noun,yes,no
要旨,大要,7.6,7,6,9,9,7,7,8,9,8,8,noun,yes,no
要旨,概略,7.2,4,7,7,10,8,3,7,8,9,6,noun,yes,no
要旨,要点,8,7,4,10,10,9,6,9,9,8,7,noun,yes,no
要点,あらまし,8.4,8,10,9,8,7,9,8,9,8,8,noun,yes,no
要点,概略,4.8,4,1,2,10,7,4,8,7,8,6,noun,yes,no
要点,大要,7.2,6,6,8,9,7,5,7,7,9,6,noun,yes,no
要点,基調,6.6,3,6,7,9,8,4,6,6,8,2,noun,yes,no
要点,全容,5.4,6,5,2,8,6,6,5,3,6,3,noun,yes,no
要点,主要,7,7,5,9,8,6,9,7,9,9,7,noun,yes,no
記事,専門書,3.2,0,3,3,8,2,6,3,4,4,3,noun,no,n/a
記事,文献,5.8,5,5,8,7,4,7,7,8,7,5,noun,yes,no
記事,文書,5.4,3,4,8,8,4,9,6,8,6,6,noun,yes,no
記事,典拠,4.8,0,2,6,9,7,7,3,9,4,5,noun,yes,no
記事,資料,5.4,2,5,5,9,6,10,6,6,6,5,noun,yes,no
読み物,書籍ソース,5.4,5,5,4,9,4,3,4,4,8,6,noun,no,n/a
読み物,論文,5.8,5,4,9,8,3,3,8,8,6,7,noun,yes,no
読み物,資料,5.4,5,3,6,8,5,3,4,4,7,4,noun,yes,no
読み物,文書,7.2,6,8,8,9,5,9,7,7,7,5,noun,yes,no
読み物,書籍,8,6,8,9,10,7,9,7,8,7,7,noun,yes,no
論文,文献,5.8,7,4,5,9,4,9,6,8,8,5,noun,yes,no
論点,議事,5.2,0,6,7,8,5,8,6,5,4,0,noun,yes,no
謳い文句,売り文句,8.2,8,8,9,9,7,8,9,9,8,10,noun,no,n/a
議会,議事,4.8,2,5,7,5,5,6,6,7,7,5,noun,yes,no
議題,論点,6.4,7,4,4,9,8,4,6,6,8,4,noun,yes,no
議題,議事,6.8,5,6,7,9,7,10,7,7,9,5,noun,yes,no
責務,業務,5.4,7,0,6,8,6,7,7,6,6,9,noun,yes,no
責務,職務,6.4,3,4,8,9,8,6,8,7,8,0,noun,yes,no
責務,職分,7.4,8,4,7,10,8,7,7,9,9,6,noun,yes,no
賃金,ファイトマネー,3.4,0,2,1,9,5,6,4,1,8,5,noun,yes,no
賃金,ギャラ,6,2,5,6,10,7,8,9,4,9,7,noun,yes,no
賃金,ギャランティー,6.6,0,7,8,10,8,8,9,6,9,7,noun,yes,no
資料,専門書,5.8,5,5,7,7,5,5,6,7,6,8,noun,no,n/a
資料,典拠,6.2,7,2,9,7,6,7,6,7,7,8,noun,yes,no
資料,書籍,6.6,6,6,8,7,6,6,4,7,4,7,noun,yes,no
資料,論文,6.6,5,6,9,8,5,4,7,7,4,7,noun,yes,no
資料,文物,6.6,6,5,9,8,5,7,8,8,4,7,noun,yes,no
資料,書物,7.2,5,7,7,9,8,9,3,2,6,5,noun,yes,no
資料,文書,7,6,6,7,8,8,8,5,5,7,7,noun,yes,no
資料,文献,7.8,7,8,7,9,8,8,6,7,6,6,noun,yes,no
資料,文章,6.2,4,6,6,9,6,9,7,6,6,4,noun,yes,no
賢さ,知的能力,7.8,8,7,9,7,8,6,9,9,8,8,noun,no,n/a
賢さ,能力,4.8,0,3,5,8,8,9,4,2,5,5,noun,no,n/a
身上,素性,7.4,4,8,7,9,9,6,7,6,9,5,noun,yes,no
身上,実態,4.8,5,0,7,8,4,6,4,6,2,5,noun,yes,no
身元,身分,7.6,8,6,10,6,8,6,7,9,10,8,noun,yes,no
身元,プロフィール,8,6,8,9,9,8,5,6,8,5,8,noun,yes,no
身元,実態,5.6,5,2,8,6,7,5,6,8,6,5,noun,yes,no
身元,出どころ,6.2,7,0,9,7,8,6,8,9,7,9,noun,yes,no
身元,素性,7.2,5,6,8,10,7,8,6,7,9,6,noun,yes,no
身元,素姓,8.8,9,8,8,10,9,8,7,5,9,6,noun,yes,no
身元,所在,7,6,6,9,7,7,1,7,3,7,3,noun,yes,no
身元,身上,8.2,7,7,9,10,8,8,7,9,8,7,noun,yes,no
身元,正体,7.8,8,6,8,9,8,6,7,9,8,6,noun,yes,no
身元,身許,8,9,4,9,10,8,7,7,6,10,8,noun,yes,no
身分,身上,7.6,4,9,8,8,9,6,8,9,8,6,noun,yes,no
身分,実態,3,0,0,5,8,2,3,7,2,6,4,noun,yes,no
身分,身許,6.2,5,5,4,10,7,3,7,9,9,5,noun,yes,no
身分,出どころ,7.2,7,4,8,9,8,8,6,7,8,2,noun,yes,no
車,長い車,7.2,7,7,7,9,6,8,2,2,4,9,noun,no,n/a
車,リムジン,5,4,5,6,9,1,7,3,3,5,5,noun,yes,no
車,自動車,8.8,8,9,10,10,7,10,10,8,9,8,noun,yes,no
車,高級車,6,5,5,5,9,6,9,3,7,5,4,noun,yes,no
運命,宿因,7.6,9,6,6,9,8,10,7,5,9,7,noun,no,n/a
運命,定め,9,8,10,10,9,8,8,9,9,8,9,noun,yes,no
運命,天命,8,10,6,7,9,8,8,7,9,9,7,noun,yes,no
運命,宿命,8.4,10,6,8,10,8,8,9,7,9,5,noun,yes,no
運命,義務,5.2,6,0,7,8,5,5,4,4,2,5,noun,yes,no
道,手段,6,6,0,9,8,7,3,6,8,6,0,noun,yes,no
道,すべ,8.2,6,10,9,8,8,4,7,8,7,6,noun,yes,no
酷暑,厳暑,8,8,8,9,10,5,9,8,8,8,10,noun,yes,no
酷暑,熱波,5.2,2,6,7,9,2,4,6,3,7,5,noun,yes,no
重役,主要人物,6.6,7,8,5,9,4,5,7,8,7,7,noun,yes,no
重役,重鎮,8,7,7,9,9,8,7,7,6,9,2,noun,yes,no
長い車,リムジン,7.2,7,5,8,9,7,7,7,8,3,6,noun,no,n/a
長い車,高級車,3.2,0,1,5,8,2,7,3,6,2,2,noun,no,n/a
難点,悪点,6.6,4,6,7,9,7,4,8,0,8,6,noun,no,n/a
難点,ウィークポイント,7.4,7,7,9,9,5,7,8,9,7,6,noun,no,n/a
難点,泣き所,7,8,2,9,9,7,8,8,8,8,9,noun,yes,no
雰囲気,色彩,3.6,0,0,5,7,6,0,3,1,2,4,noun,yes,no
頂点,筆頭,5.2,7,2,6,6,5,8,7,7,4,5,noun,yes,no
頭,知的能力,5.8,4,4,8,7,6,4,7,5,5,8,noun,no,n/a
頭,賢さ,6.2,4,5,9,9,4,3,8,5,5,8,noun,no,n/a
頭,ホープ,5.2,6,0,8,6,6,3,3,5,9,0,noun,yes,no
頭,頭脳,7,6,7,9,7,6,5,7,5,5,8,noun,yes,no
頭,能力,5.2,3,0,9,7,7,3,6,7,5,7,noun,yes,no
頭,知能,6.8,4,5,9,8,8,7,7,5,5,8,noun,yes,no
頭,総統,6.8,6,6,8,6,8,7,6,9,8,5,noun,yes,no
頭脳,知的能力,8,8,7,9,8,8,7,7,7,9,8,noun,no,n/a
頭脳,賢さ,7.2,6,7,7,9,7,6,6,6,8,7,noun,no,n/a
頭脳,知力,7,8,6,9,6,6,7,9,9,8,8,noun,yes,no
頭脳,知性,8.4,8,8,9,8,9,7,7,8,9,8,noun,yes,no
骨格,背骨,7.2,6,8,8,8,6,7,7,5,6,6,noun,yes,no
骨組み,背骨,7,6,6,9,8,6,6,8,8,6,7,noun,yes,no
骨組み,骨格,8.6,8,8,8,10,9,9,8,8,9,2,noun,yes,no
高気温,炎天下,6.2,4,6,7,9,5,7,5,4,6,4,noun,no,n/a
高気温,酷暑,7.4,9,7,8,9,4,8,8,6,6,8,noun,no,n/a
高気温,猛暑,7.8,8,8,6,9,8,8,7,6,6,3,noun,no,n/a
高級外車,大型高級乗用車,6.4,9,4,8,9,2,8,3,7,6,7,noun,no,n/a
高級車,大型高級乗用車,6.8,7,8,9,6,4,3,7,8,8,9,noun,no,n/a
高級車,高級外車,6.8,8,8,9,7,2,3,8,8,8,8,noun,no,n/a
高級車,大型高級車,8.4,7,9,9,9,8,7,3,9,7,8,noun,no,n/a
高級車,リムジン,7.8,7,8,8,9,7,7,3,8,6,7,noun,yes,no
高級車,外車,7.2,6,7,7,9,7,6,3,9,6,5,noun,yes,no
鬼門,悪点,6.2,6,6,7,8,4,7,2,6,4,6,noun,no,n/a
鬼門,難点,6.8,8,2,9,8,7,8,6,8,9,8,noun,yes,no
鬼門,欠点,5.6,3,6,5,9,5,0,4,4,7,5,noun,yes,no
鬼門,弱点,6.4,6,2,9,8,7,8,8,7,7,4,noun,yes,no
鬼門,弱み,5.8,6,0,9,9,5,8,7,8,7,5,noun,yes,no
鬼門,短所,5.4,4,1,9,9,4,8,6,8,7,5,noun,yes,no