/c/ar/التعليم_في_الولايات_المتحدة	/c/en/education_in_united_states	0.5	/d/dbpedia/en	/r/Synonym
/c/ar/تَجْرِبَة/n	/c/ar/تَجْرِبَة	1.0	/d/wordnet/3.1	/r/SenseOf
/c/ar/تَجْرِبَة/n	/c/en/test/n	2.0	/d/wordnet/3.1	/r/Synonym
/c/ar/فَحْص/n	/c/ar/فَحْص	1.0	/d/wordnet/3.1	/r/SenseOf
/c/ar/فَحْص/n	/c/en/test/n	2.0	/d/wordnet/3.1	/r/Synonym
/c/az/abş_da_təhsil_sistemi	/c/en/education_in_united_states	0.5	/d/dbpedia/en	/r/Synonym
/c/ca/assaig/n	/c/ca/assaig	1.0	/d/wordnet/3.1	/r/SenseOf
/c/ca/assaig/n	/c/en/test/n	2.0	/d/wordnet/3.1	/r/Synonym
/c/ca/prova/n	/c/ca/prova	1.0	/d/wordnet/3.1	/r/SenseOf
/c/ca/prova/n	/c/en/test/n	2.0	/d/wordnet/3.1	/r/Synonym
/c/ca/provatura/n	/c/ca/provatura	1.0	/d/wordnet/3.1	/r/SenseOf
/c/ca/provatura/n	/c/en/test/n	2.0	/d/wordnet/3.1	/r/Synonym
/c/ca/test/n	/c/ca/test	1.0	/d/wiktionary/de	/r/SenseOf
/c/ca/test/n	/c/es/cacharro	1.0	/d/wiktionary/de	/r/Synonym
/c/ca/test/n	/c/es/vasija	1.0	/d/wiktionary/de	/r/Synonym
/c/ca/testsels_testos	/c/ca/test/n	1.0	/d/wiktionary/de	/r/FormOf
/c/cs/test/n	/c/cs/test	1.0	/d/wiktionary/en	/r/SenseOf
/c/cs/test/n	/c/cs/test	1.0	/d/wiktionary/fr	/r/SenseOf
/c/cs/test/n	/c/cs/testování	1.0	/d/wiktionary/fr	/r/Synonym
/c/cs/test/n	/c/en/test	1.0	/d/wiktionary/en	/r/RelatedTo
/c/cs/test/n	/c/fr/test	1.0	/d/wiktionary/fr	/r/RelatedTo
/c/cs/testovací	/c/cs/test/n	1.0	/d/wiktionary/en	/r/DerivedFrom
/c/cs/testovat	/c/cs/test/n	1.0	/d/wiktionary/en	/r/DerivedFrom
/c/cs/testový	/c/cs/test/n	1.0	/d/wiktionary/en	/r/DerivedFrom
/c/cs/školství_ve_spojených_státech_amerických	/c/en/education_in_united_states	0.5	/d/dbpedia/en	/r/Synonym
/c/da/eksamen/n	/c/da/eksamen	1.0	/d/dbpedia/en	/r/SenseOf
/c/da/eksamen/n	/c/en/test/n	0.5	/d/dbpedia/en	/r/Synonym
/c/da/test/n	/c/da/test	1.0	/d/wordnet/3.1	/r/SenseOf
/c/da/test/n	/c/en/test/n	2.0	/d/wordnet/3.1	/r/Synonym
/c/de/bildungssystem_in_den_vereinigten_staaten	/c/en/education_in_united_states	0.5	/d/dbpedia/en	/r/Synonym
/c/de/klassenarbeit	/c/en/test/n	0.5	/d/dbpedia/en	/r/Synonym
/c/en/adjudging/n	/c/en/adjudging	1.0	/d/opencyc	/r/SenseOf
/c/en/adjudging/n	/c/en/evaluating/n	1.0	/d/opencyc	/r/IsA
/c/en/assay/n	/c/en/assay	1.0	/d/wordnet/3.1	/r/SenseOf
/c/en/assay/n	/c/en/test/n	2.0	/d/wordnet/3.1	/r/IsA
/c/en/balalaika	/c/en/make_music	2.82842712474619	/d/conceptnet/4/en	/r/UsedFor
/c/en/balalaika	/c/en/making_music	1.0	/d/conceptnet/4/en	/r/UsedFor
/c/en/bar	/c/en/test	0.32200000000000006	/d/verbosity	/r/RelatedTo
/c/en/carrots/n	/c/en/carrot	1.0	/d/wiktionary/en	/r/FormOf
/c/en/carrots/n	/c/en/carrots	1.0	/d/wiktionary/en	/r/SenseOf
/c/en/checking/n	/c/en/checking	1.0	/d/opencyc	/r/SenseOf
/c/en/checking/n	/c/en/evaluating/n	1.0	/d/opencyc	/r/IsA
/c/en/eating/v	/c/en/eat	1.0	/d/wiktionary/en	/r/FormOf
/c/en/eating/v	/c/en/eating	1.0	/d/wiktionary/en	/r/SenseOf
/c/en/education_in_united_states	/c/en/certainly_thing	1.0	/d/conceptnet/4/en	/r/HasProperty
/c/en/education_in_united_states	/c/en/education_in_united_states	0.5	/d/dbpedia/en	/r/Synonym
/c/en/education_in_united_states	/c/en/test/n	0.5	/d/dbpedia/en	/r/RelatedTo
/c/en/evaluating/n	/c/en/evaluating	1.0	/d/opencyc	/r/SenseOf
/c/en/evaluating_action/n	/c/en/evaluating/n	1.0	/d/opencyc	/r/IsA
/c/en/evaluating_action/n	/c/en/evaluating_action	1.0	/d/opencyc	/r/SenseOf
/c/en/evaluating_nutrition/n	/c/en/evaluating_action/n	1.0	/d/opencyc	/r/IsA
/c/en/evaluating_nutrition/n	/c/en/evaluating_nutrition	1.0	/d/opencyc	/r/SenseOf
/c/en/examination	/c/en/test	0.5540000000000003	/d/verbosity	/r/RelatedTo
/c/en/example_concept/n	/c/en/example_concept	1.0	/d/dbpedia/en	/r/SenseOf
/c/en/experiment	/c/en/test	1.206	/d/verbosity	/r/RelatedTo
/c/en/hard_questions	/c/en/test	1.0	/d/conceptnet/4/en	/r/AtLocation
/c/en/is/v	/c/en/be	1.0	/d/wiktionary/en	/r/FormOf
/c/en/is/v	/c/en/is	1.0	/d/wiktionary/en	/r/SenseOf
/c/en/people/n	/c/en/people	1.0	/d/wiktionary/en	/r/SenseOf
/c/en/people/n	/c/en/person	1.0	/d/wiktionary/en	/r/FormOf
/c/en/question	/c/en/test	0.8140000000000001	/d/verbosity	/r/RelatedTo
/c/en/run/n	/c/en/run	1.0	/d/wordnet/3.1	/r/SenseOf
/c/en/run/n	/c/en/test/n	2.0	/d/wordnet/3.1	/r/Synonym
/c/en/striking_down/n	/c/en/adjudging/n	1.0	/d/opencyc	/r/IsA
/c/en/striking_down/n	/c/en/striking_down	1.0	/d/opencyc	/r/SenseOf
/c/en/test	/c/en/academic	0.2650000000000001	/d/verbosity	/r/RelatedTo
/c/en/test	/c/en/academic_measure	0.2650000000000001	/d/verbosity	/r/RelatedTo
/c/en/test	/c/en/assessment	0.10899999999999999	/d/verbosity	/r/RelatedTo
/c/en/test	/c/en/challenge	0.31800000000000006	/d/verbosity	/r/RelatedTo
/c/en/test	/c/en/class	0.33999999999999986	/d/verbosity	/r/RelatedTo
/c/en/test	/c/en/classroom	0.5840000000000001	/d/verbosity	/r/RelatedTo
/c/en/test	/c/en/control	0.2120000000000002	/d/verbosity	/r/RelatedTo
/c/en/test	/c/en/finals	0.28000000000000025	/d/verbosity	/r/RelatedTo
/c/en/test	/c/en/grade	0.5620000000000003	/d/verbosity	/r/RelatedTo
/c/en/test	/c/en/measure	0.2650000000000001	/d/verbosity	/r/RelatedTo
/c/en/test	/c/en/paper	0.6160000000000001	/d/verbosity	/r/RelatedTo
/c/en/test	/c/en/pop	0.2959999999999998	/d/verbosity	/r/RelatedTo
/c/en/test	/c/en/quiz	3.4617914437470088	/d/verbosity	/r/RelatedTo
/c/en/test	/c/en/result	0.2560000000000002	/d/verbosity	/r/RelatedTo
/c/en/test	/c/en/school	0.806	/d/verbosity	/r/RelatedTo
/c/en/test	/c/en/student	0.42600000000000016	/d/verbosity	/r/RelatedTo
/c/en/test	/c/en/trial	0.2999999999999998	/d/verbosity	/r/RelatedTo
/c/en/test	/c/fro/test	0.25	/d/wiktionary/en	/r/EtymologicallyRelatedTo
/c/en/test	/c/fro/tester	0.25	/d/wiktionary/en	/r/EtymologicallyRelatedTo
/c/en/test	/c/la/terra	0.25	/d/wiktionary/en	/r/EtymologicallyRelatedTo
/c/en/test	/c/la/tersa	0.25	/d/wiktionary/en	/r/EtymologicallyRelatedTo
/c/en/test	/c/la/terstus	0.25	/d/wiktionary/en	/r/EtymologicallyRelatedTo
/c/en/test	/c/la/testari	0.25	/d/wiktionary/en	/r/EtymologicallyRelatedTo
/c/en/test	/c/la/testis	0.25	/d/wiktionary/en	/r/EtymologicallyRelatedTo
/c/en/test	/c/la/testum	0.25	/d/wiktionary/en	/r/EtymologicallyRelatedTo
/c/en/test/n	/c/ar/اختبار	1.0	/d/wiktionary/en	/r/Synonym
/c/en/test/n	/c/ast/prueba	1.0	/d/wiktionary/en	/r/Synonym
/c/en/test/n	/c/cs/test	1.0	/d/wiktionary/en	/r/Synonym
/c/en/test/n	/c/cs/zkouška	1.0	/d/wiktionary/en	/r/Synonym
/c/en/test/n	/c/de/probe	1.0	/d/wiktionary/en	/r/Synonym
/c/en/test/n	/c/el/δοκιμασια	1.0	/d/wiktionary/en	/r/Synonym
/c/en/test/n	/c/el/δοκιμη	1.0	/d/wiktionary/en	/r/Synonym
/c/en/test/n	/c/en/academia	1.0	/d/wiktionary/en	/r/HasContext
/c/en/test/n	/c/en/botany	1.0	/d/wiktionary/en	/r/HasContext
/c/en/test/n	/c/en/breeze	1.0	/d/wiktionary/en	/r/Antonym
/c/en/test/n	/c/en/calciferous	1.0	/d/wiktionary/en	/r/RelatedTo
/c/en/test/n	/c/en/challenge	1.0	/d/wiktionary/en	/r/Synonym
/c/en/test/n	/c/en/challenge	1.0	/d/wiktionary/fr	/r/Synonym
/c/en/test/n	/c/en/cricket	1.0	/d/wiktionary/en	/r/HasContext
/c/en/test/n	/c/en/cupel	1.0	/d/wiktionary/en	/r/RelatedTo
/c/en/test/n	/c/en/durability	1.0	/d/wiktionary/en	/r/RelatedTo
/c/en/test/n	/c/en/echinoderm	1.0	/d/wiktionary/en	/r/RelatedTo
/c/en/test/n	/c/en/endoskeleton	1.0	/d/wiktionary/en	/r/RelatedTo
/c/en/test/n	/c/en/evaluate	1.0	/d/wiktionary/en	/r/RelatedTo
/c/en/test/n	/c/en/examination	1.0	/d/wiktionary/en	/r/RelatedTo
/c/en/test/n	/c/en/examination	1.0	/d/wiktionary/en	/r/Synonym
/c/en/test/n	/c/en/examination	1.0	/d/wiktionary/fr	/r/Synonym
/c/en/test/n	/c/en/examine	1.0	/d/wiktionary/en	/r/RelatedTo
/c/en/test/n	/c/en/example_concept/n	0.5	/d/dbpedia/en	/r/IsA
/c/en/test/n	/c/en/marine_biology	1.0	/d/wiktionary/en	/r/HasContext
/c/en/test/n	/c/en/normally_test	1.0	/d/wiktionary/en	/r/HasContext
/c/en/test/n	/c/en/obsolete	1.0	/d/wiktionary/en	/r/HasContext
/c/en/test/n	/c/en/quiz	1.0	/d/wiktionary/en	/r/Synonym
/c/en/test/n	/c/en/quiz	1.0	/d/wiktionary/fr	/r/Synonym
/c/en/test/n	/c/en/recess	1.0	/d/wiktionary/en	/r/Antonym
/c/en/test/n	/c/en/sand_dollar	1.0	/d/wiktionary/en	/r/RelatedTo
/c/en/test/n	/c/en/sea_urchin	1.0	/d/wiktionary/en	/r/RelatedTo
/c/en/test/n	/c/en/seed_coat	1.0	/d/wiktionary/en	/r/RelatedTo
/c/en/test/n	/c/en/session	1.0	/d/wiktionary/en	/r/RelatedTo
/c/en/test/n	/c/en/term	1.0	/d/wiktionary/en	/r/RelatedTo
/c/en/test/n	/c/en/test	1.0	/d/dbpedia/en	/r/SenseOf
/c/en/test/n	/c/en/test	1.0	/d/wiktionary/de	/r/SenseOf
/c/en/test/n	/c/en/test	1.0	/d/wiktionary/en	/r/SenseOf
/c/en/test/n	/c/en/test	1.0	/d/wiktionary/fr	/r/SenseOf
/c/en/test/n	/c/en/test	1.0	/d/wordnet/3.1	/r/SenseOf
/c/en/test/n	/c/en/test/n	0.5	/d/dbpedia/en	/r/Synonym
/c/en/test/n	/c/en/test_match	1.0	/d/wiktionary/en	/r/RelatedTo
/c/en/test/n	/c/en/testa	1.0	/d/wiktionary/en	/r/RelatedTo
/c/en/test/n	/c/en/trial	1.0	/d/wiktionary/en	/r/RelatedTo
/c/en/test/n	/c/en/trial	1.0	/d/wiktionary/en	/r/Synonym
/c/en/test/n	/c/en/trial	1.0	/d/wiktionary/fr	/r/Synonym
/c/en/test/n	/c/en/witness	1.0	/d/wiktionary/en	/r/RelatedTo
/c/en/test/n	/c/es/prueba	1.0	/d/wiktionary/en	/r/Synonym
/c/en/test/n	/c/fa/ازمایش	1.0	/d/wiktionary/en	/r/Synonym
/c/en/test/n	/c/fi/koe	1.0	/d/wiktionary/en	/r/Synonym
/c/en/test/n	/c/fi/koetus	1.0	/d/wiktionary/en	/r/Synonym
/c/en/test/n	/c/fr/anatomie	1.0	/d/wiktionary/fr	/r/HasContext
/c/en/test/n	/c/fr/coupelle	1.0	/d/wiktionary/fr	/r/RelatedTo
/c/en/test/n	/c/fr/désuet	1.0	/d/wiktionary/fr	/r/HasContext
/c/en/test/n	/c/fr/essai	1.0	/d/wiktionary/fr	/r/RelatedTo
/c/en/test/n	/c/fr/examen	1.0	/d/wiktionary/fr	/r/RelatedTo
/c/en/test/n	/c/fr/jugement	1.0	/d/wiktionary/fr	/r/RelatedTo
/c/en/test/n	/c/fr/match	1.0	/d/wiktionary/fr	/r/RelatedTo
/c/en/test/n	/c/fr/politique	1.0	/d/wiktionary/fr	/r/HasContext
/c/en/test/n	/c/fr/psychologie	1.0	/d/wiktionary/fr	/r/HasContext
/c/en/test/n	/c/fr/sport	1.0	/d/wiktionary/fr	/r/HasContext
/c/en/test/n	/c/fr/test	1.0	/d/wiktionary/fr	/r/RelatedTo
/c/en/test/n	/c/fr/épreuve	1.0	/d/wiktionary/en	/r/Synonym
/c/en/test/n	/c/fr/épreuve	1.0	/d/wiktionary/fr	/r/RelatedTo
/c/en/test/n	/c/gd/dearbhadh	1.0	/d/wiktionary/en	/r/Synonym
/c/en/test/n	/c/gd/feuchainn	1.0	/d/wiktionary/en	/r/Synonym
/c/en/test/n	/c/he/מבחן	1.0	/d/wiktionary/en	/r/Synonym
/c/en/test/n	/c/hi/चुनौती	1.0	/d/wiktionary/en	/r/Synonym
/c/en/test/n	/c/hu/próba	1.0	/d/wiktionary/en	/r/Synonym
/c/en/test/n	/c/it/prova	1.0	/d/wiktionary/en	/r/Synonym
/c/en/test/n	/c/it/verifica	1.0	/d/wiktionary/en	/r/Synonym
/c/en/test/n	/c/ja/実験	1.0	/d/wiktionary/en	/r/Synonym
/c/en/test/n	/c/ja/試練	1.0	/d/wiktionary/en	/r/Synonym
/c/en/test/n	/c/ko/검사	1.0	/d/wiktionary/en	/r/Synonym
/c/en/test/n	/c/nl/proef	1.0	/d/wiktionary/en	/r/Synonym
/c/en/test/n	/c/nl/test	1.0	/d/wiktionary/en	/r/Synonym
/c/en/test/n	/c/pt/prova	1.0	/d/wiktionary/en	/r/Synonym
/c/en/test/n	/c/pt/teste	1.0	/d/wiktionary/en	/r/Synonym
/c/en/test/n	/c/ro/probă	1.0	/d/wiktionary/en	/r/Synonym
/c/en/test/n	/c/ru/испытание	1.0	/d/wiktionary/en	/r/Synonym
/c/en/test/n	/c/ru/проба	1.0	/d/wiktionary/en	/r/Synonym
/c/en/test/n	/c/ru/тест	1.0	/d/wiktionary/en	/r/Synonym
/c/en/test/n	/c/sh/test	1.0	/d/wiktionary/en	/r/Synonym
/c/en/test/n	/c/sh/тест	1.0	/d/wiktionary/en	/r/Synonym
/c/en/test/n	/c/sl/preizkus	1.0	/d/wiktionary/en	/r/Synonym
/c/en/test/n	/c/sl/preizkušnja	1.0	/d/wiktionary/en	/r/Synonym
/c/en/test/n	/c/sq/prova	1.0	/d/wiktionary/en	/r/Synonym
/c/en/test/n	/c/sq/provë	1.0	/d/wiktionary/en	/r/Synonym
/c/en/test/n	/c/sv/prov	1.0	/d/wiktionary/en	/r/Synonym
/c/en/test/n	/c/sv/prövning	1.0	/d/wiktionary/en	/r/Synonym
/c/en/test/n	/c/sw/jaribio	1.0	/d/wiktionary/en	/r/Synonym
/c/en/test/n	/c/tr/deneme	1.0	/d/wiktionary/en	/r/Synonym
/c/en/test/n	/c/tr/test	1.0	/d/wiktionary/en	/r/Synonym
/c/en/test/n	/c/zh/試驗	1.0	/d/wiktionary/en	/r/Synonym
/c/en/test/n	/c/zh/试验	1.0	/d/wiktionary/en	/r/Synonym
/c/en/test/v	/c/en/academics	1.0	/d/wiktionary/en	/r/HasContext
/c/en/test/v	/c/en/attest	1.0	/d/wiktionary/en	/r/RelatedTo
/c/en/test/v	/c/en/chemistry	1.0	/d/wiktionary/en	/r/HasContext
/c/en/test/v	/c/en/contest	1.0	/d/wiktionary/en	/r/RelatedTo
/c/en/test/v	/c/en/cupel	1.0	/d/wiktionary/en	/r/RelatedTo
/c/en/test/v	/c/en/cupellation	1.0	/d/wiktionary/en	/r/RelatedTo
/c/en/test/v	/c/en/detest	1.0	/d/wiktionary/en	/r/RelatedTo
/c/en/test/v	/c/en/obsolete	1.0	/d/wiktionary/en	/r/HasContext
/c/en/test/v	/c/en/protest	1.0	/d/wiktionary/en	/r/RelatedTo
/c/en/test/v	/c/en/reagent	1.0	/d/wiktionary/en	/r/RelatedTo
/c/en/test/v	/c/en/refine	1.0	/d/wiktionary/en	/r/RelatedTo
/c/en/test/v	/c/en/test	1.0	/d/wiktionary/en	/r/SenseOf
/c/en/test/v	/c/en/test	1.0	/d/wiktionary/fr	/r/SenseOf
/c/en/test/v	/c/en/testament	1.0	/d/wiktionary/en	/r/RelatedTo
/c/en/test/v	/c/en/will	1.0	/d/wiktionary/en	/r/RelatedTo
/c/en/test/v	/c/fr/tester	1.0	/d/wiktionary/fr	/r/RelatedTo
/c/en/test/v	/c/fr/tâter	1.0	/d/wiktionary/fr	/r/RelatedTo
/c/en/test_case	/c/en/test/n	1.0	/d/wiktionary/en	/r/DerivedFrom
/c/en/test_drive	/c/en/test/n	1.0	/d/wiktionary/en	/r/DerivedFrom
/c/en/test_flight	/c/en/test/n	1.0	/d/wiktionary/en	/r/DerivedFrom
/c/en/test_run	/c/en/test/n	1.0	/d/wiktionary/en	/r/DerivedFrom
/c/en/test_tube	/c/en/test/n	1.0	/d/wiktionary/en	/r/DerivedFrom
/c/en/tester	/c/en/test/n	1.0	/d/wiktionary/en	/r/DerivedFrom
/c/en/tests	/c/en/test/n	1.0	/d/wiktionary/de	/r/FormOf
/c/en/trial/n	/c/en/test/n	2.0	/d/wordnet/3.1	/r/Synonym
/c/en/trial/n	/c/en/trial	1.0	/d/wordnet/3.1	/r/SenseOf
/c/en/wheat	/c/en/field	2.0	/d/conceptnet/4/en	/r/AtLocation
/c/es/ensayo/n	/c/en/test/n	2.0	/d/wordnet/3.1	/r/Synonym
/c/es/ensayo/n	/c/es/ensayo	1.0	/d/wordnet/3.1	/r/SenseOf
/c/es/examen/n	/c/en/test/n	0.5	/d/dbpedia/en	/r/Synonym
/c/es/examen/n	/c/es/examen	1.0	/d/dbpedia/en	/r/SenseOf
/c/es/prueba/n	/c/en/test/n	2.0	/d/wordnet/3.1	/r/Synonym
/c/es/prueba/n	/c/es/prueba	1.0	/d/wordnet/3.1	/r/SenseOf
/c/es/sistema_educativo_de_estados_unidos	/c/en/education_in_united_states	0.5	/d/dbpedia/en	/r/Synonym
/c/es/tengo/v	/c/es/tener	1.0	/d/wiktionary/en	/r/FormOf
/c/es/tengo/v	/c/es/tengo	1.0	/d/wiktionary/en	/r/SenseOf
/c/es/test/n	/c/en/test	1.0	/d/wiktionary/en	/r/RelatedTo
/c/es/test/n	/c/es/prueba	1.0	/d/wiktionary/en	/r/Synonym
/c/es/test/n	/c/es/test	1.0	/d/wiktionary/en	/r/SenseOf
/c/eu/azterketa/n	/c/en/test/n	0.5	/d/dbpedia/en	/r/Synonym
/c/eu/azterketa/n	/c/eu/azterketa	1.0	/d/dbpedia/en	/r/SenseOf
/c/eu/entsegu/n	/c/en/test/n	2.0	/d/wordnet/3.1	/r/Synonym
/c/eu/entsegu/n	/c/eu/entsegu	1.0	/d/wordnet/3.1	/r/SenseOf
/c/eu/proba/n	/c/en/test/n	2.0	/d/wordnet/3.1	/r/Synonym
/c/eu/proba/n	/c/eu/proba	1.0	/d/wordnet/3.1	/r/SenseOf
/c/eu/saiakuntza/n	/c/en/test/n	2.0	/d/wordnet/3.1	/r/Synonym
/c/eu/saiakuntza/n	/c/eu/saiakuntza	1.0	/d/wordnet/3.1	/r/SenseOf
/c/fa/آزمون	/c/en/test/n	0.5	/d/dbpedia/en	/r/Synonym
/c/fa/آموزش_در_ایالات_متحده_آمریکا	/c/en/education_in_united_states	0.5	/d/dbpedia/en	/r/Synonym
/c/fi/koe/n	/c/en/test/n	2.0	/d/wordnet/3.1	/r/Synonym
/c/fi/koe/n	/c/fi/koe	1.0	/d/wordnet/3.1	/r/SenseOf
/c/fi/tentti	/c/en/test/n	0.5	/d/dbpedia/en	/r/Synonym
/c/fi/testi/n	/c/en/test/n	2.0	/d/wordnet/3.1	/r/Synonym
/c/fi/testi/n	/c/fi/testi	1.0	/d/wordnet/3.1	/r/SenseOf
/c/fil/pagsusulit	/c/en/test/n	0.5	/d/dbpedia/en	/r/Synonym
/c/fr/devoir_surveillé	/c/en/test/n	0.5	/d/dbpedia/en	/r/Synonym
/c/fr/essai/n	/c/en/test/n	2.0	/d/wordnet/3.1	/r/Synonym
/c/fr/essai/n	/c/fr/essai	1.0	/d/wordnet/3.1	/r/SenseOf
/c/fr/système_éducatif_des_états_unis	/c/en/education_in_united_states	0.5	/d/dbpedia/en	/r/Synonym
/c/fr/test	/c/en/test	0.25	/d/wiktionary/en	/r/EtymologicallyRelatedTo
/c/fr/test	/c/la/testa	0.25	/d/wiktionary/en	/r/EtymologicallyRelatedTo
/c/fr/test/n	/c/ar/اختبار	1.0	/d/wiktionary/fr	/r/Synonym
/c/fr/test/n	/c/cs/test	1.0	/d/wiktionary/fr	/r/Synonym
/c/fr/test/n	/c/cs/testování	1.0	/d/wiktionary/fr	/r/Synonym
/c/fr/test/n	/c/de/probe	1.0	/d/wiktionary/fr	/r/Synonym
/c/fr/test/n	/c/de/test	1.0	/d/wiktionary/fr	/r/Synonym
/c/fr/test/n	/c/en/marine_biology	1.0	/d/wiktionary/en	/r/HasContext
/c/fr/test/n	/c/en/test	1.0	/d/wiktionary/en	/r/RelatedTo
/c/fr/test/n	/c/en/test	1.0	/d/wiktionary/fr	/r/Synonym
/c/fr/test/n	/c/en/test/n	2.0	/d/wordnet/3.1	/r/Synonym
/c/fr/test/n	/c/es/prueba	1.0	/d/wiktionary/fr	/r/Synonym
/c/fr/test/n	/c/fa/ازمایش	1.0	/d/wiktionary/fr	/r/Synonym
/c/fr/test/n	/c/fi/koe	1.0	/d/wiktionary/fr	/r/Synonym
/c/fr/test/n	/c/fr/calcaire	1.0	/d/wiktionary/fr	/r/RelatedTo
/c/fr/test/n	/c/fr/capacité	1.0	/d/wiktionary/fr	/r/RelatedTo
/c/fr/test/n	/c/fr/carapace	1.0	/d/wiktionary/fr	/r/Synonym
/c/fr/test/n	/c/fr/chitineux	1.0	/d/wiktionary/fr	/r/RelatedTo
/c/fr/test/n	/c/fr/concours	1.0	/d/wiktionary/fr	/r/RelatedTo
/c/fr/test/n	/c/fr/coque	1.0	/d/wiktionary/fr	/r/Synonym
/c/fr/test/n	/c/fr/coquille	1.0	/d/wiktionary/fr	/r/RelatedTo
/c/fr/test/n	/c/fr/dur	1.0	/d/wiktionary/fr	/r/RelatedTo
/c/fr/test/n	/c/fr/essai	1.0	/d/wiktionary/fr	/r/RelatedTo
/c/fr/test/n	/c/fr/examen	1.0	/d/wiktionary/fr	/r/RelatedTo
/c/fr/test/n	/c/fr/externe	1.0	/d/wiktionary/fr	/r/RelatedTo
/c/fr/test/n	/c/fr/fait	1.0	/d/wiktionary/fr	/r/RelatedTo
/c/fr/test/n	/c/fr/hypothèse	1.0	/d/wiktionary/fr	/r/RelatedTo
/c/fr/test/n	/c/fr/interrogation	1.0	/d/wiktionary/fr	/r/Synonym
/c/fr/test/n	/c/fr/invertébré	1.0	/d/wiktionary/fr	/r/RelatedTo
/c/fr/test/n	/c/fr/opération	1.0	/d/wiktionary/fr	/r/RelatedTo
/c/fr/test/n	/c/fr/produit	1.0	/d/wiktionary/fr	/r/RelatedTo
/c/fr/test/n	/c/fr/questionnaire	1.0	/d/wiktionary/fr	/r/Synonym
/c/fr/test/n	/c/fr/technique	1.0	/d/wiktionary/fr	/r/HasContext
/c/fr/test/n	/c/fr/test	1.0	/d/wiktionary/en	/r/SenseOf
/c/fr/test/n	/c/fr/test	1.0	/d/wiktionary/fr	/r/SenseOf
/c/fr/test/n	/c/fr/test	1.0	/d/wordnet/3.1	/r/SenseOf
/c/fr/test/n	/c/fr/véracité	1.0	/d/wiktionary/fr	/r/RelatedTo
/c/fr/test/n	/c/fr/vérification	1.0	/d/wiktionary/fr	/r/RelatedTo
/c/fr/test/n	/c/fr/vérifier	1.0	/d/wiktionary/fr	/r/RelatedTo
/c/fr/test/n	/c/fr/épreuve	1.0	/d/wiktionary/fr	/r/RelatedTo
/c/fr/test/n	/c/fr/évaluation	1.0	/d/wiktionary/fr	/r/RelatedTo
/c/fr/test/n	/c/hu/próba	1.0	/d/wiktionary/fr	/r/Synonym
/c/fr/test/n	/c/it/prova	1.0	/d/wiktionary/fr	/r/Synonym
/c/fr/test/n	/c/it/verifica	1.0	/d/wiktionary/fr	/r/Synonym
/c/fr/test/n	/c/ja/実験	1.0	/d/wiktionary/fr	/r/Synonym
/c/fr/test/n	/c/ko/검사	1.0	/d/wiktionary/fr	/r/Synonym
/c/fr/test/n	/c/nl/proef	1.0	/d/wiktionary/fr	/r/Synonym
/c/fr/test/n	/c/nl/test	1.0	/d/wiktionary/fr	/r/Synonym
/c/fr/test/n	/c/pt/prova	1.0	/d/wiktionary/fr	/r/Synonym
/c/fr/test/n	/c/pt/teste	1.0	/d/wiktionary/fr	/r/Synonym
/c/fr/test/n	/c/ru/проба	1.0	/d/wiktionary/fr	/r/Synonym
/c/fr/test/n	/c/ru/тест	1.0	/d/wiktionary/fr	/r/Synonym
/c/fr/test/n	/c/sq/prova	1.0	/d/wiktionary/fr	/r/Synonym
/c/fr/test/n	/c/sq/provë	1.0	/d/wiktionary/fr	/r/Synonym
/c/fr/test/n	/c/sv/prov	1.0	/d/wiktionary/fr	/r/Synonym
/c/fr/test/n	/c/sv/prövning	1.0	/d/wiktionary/fr	/r/Synonym
/c/fr/test/n	/c/tr/deneme	1.0	/d/wiktionary/fr	/r/Synonym
/c/fr/test/n	/c/tr/test	1.0	/d/wiktionary/fr	/r/Synonym
/c/fr/test/n	/c/ur/imtehan	1.0	/d/wiktionary/fr	/r/Synonym
/c/fr/test/n	/c/zh/試驗	1.0	/d/wiktionary/fr	/r/Synonym
/c/fr/test/n	/c/zh/试验	1.0	/d/wiktionary/fr	/r/Synonym
/c/fr/test/v	/c/fr/argot	1.0	/d/wiktionary/fr	/r/HasContext
/c/fr/test/v	/c/fr/test	1.0	/d/wiktionary/fr	/r/SenseOf
/c/fr/test/v	/c/fr/tester	1.0	/d/wiktionary/fr	/r/RelatedTo
/c/fr/tester	/c/fr/test/n	1.0	/d/wiktionary/en	/r/DerivedFrom
/c/fr/épreuve/n	/c/en/test/n	2.0	/d/wordnet/3.1	/r/Synonym
/c/fr/épreuve/n	/c/fr/épreuve	1.0	/d/wordnet/3.1	/r/SenseOf
/c/fro/test	/c/la/testum	0.25	/d/wiktionary/en	/r/EtymologicallyRelatedTo
/c/fro/test/n	/c/fr/pot	1.0	/d/wiktionary/fr	/r/RelatedTo
/c/fro/test/n	/c/fro/test	1.0	/d/wiktionary/fr	/r/SenseOf
/c/he/מבחן	/c/en/test/n	0.5	/d/dbpedia/en	/r/Synonym
/c/hu/a_lélek_kész_de_a_test_erőtlen	/c/hu/test/n	1.0	/d/wiktionary/en	/r/DerivedFrom
/c/hu/a_testben	/c/hu/test/n	1.0	/d/wiktionary/de	/r/FormOf
/c/hu/a_testek	/c/hu/test/n	1.0	/d/wiktionary/de	/r/FormOf
/c/hu/a_testekben	/c/hu/test/n	1.0	/d/wiktionary/de	/r/FormOf
/c/hu/a_testeket	/c/hu/test/n	1.0	/d/wiktionary/de	/r/FormOf
/c/hu/a_testeknek	/c/hu/test/n	1.0	/d/wiktionary/de	/r/FormOf
/c/hu/a_testet	/c/hu/test/n	1.0	/d/wiktionary/de	/r/FormOf
/c/hu/a_testnek	/c/hu/test/n	1.0	/d/wiktionary/de	/r/FormOf
/c/hu/arkhimédeszi_test	/c/hu/test/n	1.0	/d/wiktionary/en	/r/DerivedFrom
/c/hu/forgástest	/c/hu/test/n	1.0	/d/wiktionary/en	/r/DerivedFrom
/c/hu/holttest	/c/hu/test/n	1.0	/d/wiktionary/en	/r/DerivedFrom
/c/hu/platóni_test	/c/hu/test/n	1.0	/d/wiktionary/en	/r/DerivedFrom
/c/hu/test/n	/c/en/algebra	1.0	/d/wiktionary/en	/r/HasContext
/c/hu/test/n	/c/en/geometry	1.0	/d/wiktionary/en	/r/HasContext
/c/hu/test/n	/c/hu/test	1.0	/d/wiktionary/de	/r/SenseOf
/c/hu/test/n	/c/hu/test	1.0	/d/wiktionary/en	/r/SenseOf
/c/hu/testalkat	/c/hu/test/n	2.0	/d/wiktionary/de	/r/DerivedFrom
/c/hu/testamentum	/c/hu/test/n	1.0	/d/wiktionary/de	/r/DerivedFrom
/c/hu/testes	/c/hu/test/n	1.0	/d/wiktionary/en	/r/DerivedFrom
/c/hu/testvér	/c/hu/test/n	1.0	/d/wiktionary/en	/r/DerivedFrom
/c/hu/testápolás	/c/hu/test/n	2.0	/d/wiktionary/de	/r/DerivedFrom
/c/hu/testápoló	/c/hu/test/n	1.0	/d/wiktionary/de	/r/DerivedFrom
/c/hu/testőr	/c/hu/test/n	1.0	/d/wiktionary/en	/r/DerivedFrom
/c/it/cimento/n	/c/en/test/n	2.0	/d/wordnet/3.1	/r/Synonym
/c/it/cimento/n	/c/it/cimento	1.0	/d/wordnet/3.1	/r/SenseOf
/c/it/compito_in_classe	/c/en/test/n	0.5	/d/dbpedia/en	/r/Synonym
/c/it/esperimento/n	/c/en/test/n	2.0	/d/wordnet/3.1	/r/Synonym
/c/it/esperimento/n	/c/it/esperimento	1.0	/d/wordnet/3.1	/r/SenseOf
/c/it/istruzione_negli_stati_uniti_d_america	/c/en/education_in_united_states	0.5	/d/dbpedia/en	/r/Synonym
/c/it/test/n	/c/en/test	1.0	/d/wiktionary/en	/r/RelatedTo
/c/it/test/n	/c/en/test/n	2.0	/d/wordnet/3.1	/r/Synonym
/c/it/test/n	/c/it/prova	1.0	/d/wiktionary/de	/r/Synonym
/c/it/test/n	/c/it/test	1.0	/d/wiktionary/de	/r/SenseOf
/c/it/test/n	/c/it/test	1.0	/d/wiktionary/en	/r/SenseOf
/c/it/test/n	/c/it/test	1.0	/d/wordnet/3.1	/r/SenseOf
/c/ja/アメリカ_合衆国の教育	/c/en/education_in_united_states	0.5	/d/dbpedia/en	/r/Synonym
/c/ja/テスト	/c/ja/勉強	2.0	/d/conceptnet/4/ja	/r/HasPrerequisite
/c/ja/テスト	/c/ja/名前を書くこと	3.4641016151377544	/d/conceptnet/4/ja	/r/HasSubevent
/c/ja/テスト/n	/c/de/probe	2.0	/d/jmdict	/r/Synonym
/c/ja/テスト/n	/c/de/prüfung	2.0	/d/jmdict	/r/Synonym
/c/ja/テスト/n	/c/de/quiz	2.0	/d/jmdict	/r/Synonym
/c/ja/テスト/n	/c/de/test	2.0	/d/jmdict	/r/Synonym
/c/ja/テスト/n	/c/en/test	2.0	/d/jmdict	/r/Synonym
/c/ja/テスト/n	/c/en/test/n	2.0	/d/wordnet/3.1	/r/Synonym
/c/ja/テスト/n	/c/fr/essai	2.0	/d/jmdict	/r/Synonym
/c/ja/テスト/n	/c/fr/examen	2.0	/d/jmdict	/r/Synonym
/c/ja/テスト/n	/c/fr/test	2.0	/d/jmdict	/r/Synonym
/c/ja/テスト/n	/c/fr/épreuve	2.0	/d/jmdict	/r/Synonym
/c/ja/テスト/n	/c/ja/テスト	1.0	/d/jmdict	/r/SenseOf
/c/ja/テスト/n	/c/ja/テスト	1.0	/d/wordnet/3.1	/r/SenseOf
/c/ja/テスト/n	/c/nl/auditie	2.0	/d/jmdict	/r/Synonym
/c/ja/テスト/n	/c/nl/overhoring	2.0	/d/jmdict	/r/Synonym
/c/ja/テスト/n	/c/nl/proef	2.0	/d/jmdict	/r/Synonym
/c/ja/テスト/n	/c/nl/proefopvoering	2.0	/d/jmdict	/r/Synonym
/c/ja/テスト/n	/c/nl/proefwerk	2.0	/d/jmdict	/r/Synonym
/c/ja/テスト/n	/c/nl/repetitie	2.0	/d/jmdict	/r/Synonym
/c/ja/テスト/n	/c/nl/test	2.0	/d/jmdict	/r/Synonym
/c/ja/テスト/n	/c/nl/toets	2.0	/d/jmdict	/r/Synonym
/c/ja/テスト/n	/c/ru/тест	2.0	/d/jmdict	/r/Synonym
/c/ja/テスト_作業/n	/c/en/test/n	2.0	/d/wordnet/3.1	/r/Synonym
/c/ja/テスト_作業/n	/c/ja/テスト_作業	1.0	/d/wordnet/3.1	/r/SenseOf
/c/ja/トライアル/n	/c/en/test/n	2.0	/d/wordnet/3.1	/r/Synonym
/c/ja/トライアル/n	/c/ja/トライアル	1.0	/d/wordnet/3.1	/r/SenseOf
/c/ja/トライヤル/n	/c/en/test/n	2.0	/d/wordnet/3.1	/r/Synonym
/c/ja/トライヤル/n	/c/ja/トライヤル	1.0	/d/wordnet/3.1	/r/SenseOf
/c/ja/バイト	/c/de/beitel	2.0	/d/jmdict	/r/Synonym
/c/ja/バイト	/c/de/drehmeissel	2.0	/d/jmdict	/r/Synonym
/c/ja/バイト	/c/de/stechbeitel	2.0	/d/jmdict	/r/Synonym
/c/ja/バイト	/c/de/stemmeisen	2.0	/d/jmdict	/r/Synonym
/c/ja/バイト	/c/en/bit	2.0	/d/jmdict	/r/Synonym
/c/ja/バイト	/c/en/bite	2.0	/d/jmdict	/r/Synonym
/c/ja/バイト	/c/en/cutting_tool	2.0	/d/jmdict	/r/Synonym
/c/ja/バイト	/c/nl/bijbaantje	2.0	/d/jmdict	/r/Synonym
/c/ja/バイト	/c/nl/deeltijdse_job	2.0	/d/jmdict	/r/Synonym
/c/ja/バイト	/c/nl/studentenjob	2.0	/d/jmdict	/r/Synonym
/c/ja/バイト/n	/c/de/arbeit	2.0	/d/jmdict	/r/Synonym
/c/ja/バイト/n	/c/en/byte	2.0	/d/jmdict	/r/Synonym
/c/ja/バイト/n	/c/en/computer_terminology	2.0	/d/jmdict	/r/HasContext
/c/ja/バイト/n	/c/en/mathematics	2.0	/d/jmdict	/r/HasContext
/c/ja/バイト/n	/c/en/octet	2.0	/d/jmdict	/r/Synonym
/c/ja/バイト/n	/c/en/work	2.0	/d/jmdict	/r/Synonym
/c/ja/バイト/n	/c/fr/octet	2.0	/d/jmdict	/r/Synonym
/c/ja/バイト/n	/c/fr/travail	2.0	/d/jmdict	/r/Synonym
/c/ja/バイト/n	/c/ja/バイト	1.0	/d/jmdict	/r/SenseOf
/c/ja/ビアホール	/c/ja/揚げ物	1.0	/d/conceptnet/4/ja	/r/RelatedTo
/c/ja/偸閑/a	/c/de/aufrichtig	2.0	/d/jmdict	/r/Synonym
/c/ja/偸閑/a	/c/de/ausdrücklich	2.0	/d/jmdict	/r/Synonym
/c/ja/偸閑/a	/c/de/deutlich	2.0	/d/jmdict	/r/Synonym
/c/ja/偸閑/a	/c/de/frisch_von_der_leber_weg	2.0	/d/jmdict	/r/Synonym
/c/ja/偸閑/a	/c/de/klar	2.0	/d/jmdict	/r/Synonym
/c/ja/偸閑/a	/c/de/offen	2.0	/d/jmdict	/r/Synonym
/c/ja/偸閑/a	/c/de/offenherzig	2.0	/d/jmdict	/r/Synonym
/c/ja/偸閑/a	/c/de/unverhohlen	2.0	/d/jmdict	/r/Synonym
/c/ja/偸閑/a	/c/en/blatant	2.0	/d/jmdict	/r/Synonym
/c/ja/偸閑/a	/c/en/candid	2.0	/d/jmdict	/r/Synonym
/c/ja/偸閑/a	/c/en/direct	2.0	/d/jmdict	/r/Synonym
/c/ja/偸閑/a	/c/en/flagrant	2.0	/d/jmdict	/r/Synonym
/c/ja/偸閑/a	/c/en/frank	2.0	/d/jmdict	/r/Synonym
/c/ja/偸閑/a	/c/en/open	2.0	/d/jmdict	/r/Synonym
/c/ja/偸閑/a	/c/en/plain	2.0	/d/jmdict	/r/Synonym
/c/ja/偸閑/a	/c/en/straightforward	2.0	/d/jmdict	/r/Synonym
/c/ja/偸閑/a	/c/en/unabashed	2.0	/d/jmdict	/r/Synonym
/c/ja/偸閑/a	/c/ja/偸閑	1.0	/d/jmdict	/r/SenseOf
/c/ja/偸閑/a	/c/nl/direct	2.0	/d/jmdict	/r/Synonym
/c/ja/偸閑/a	/c/nl/duidelijk	2.0	/d/jmdict	/r/Synonym
/c/ja/偸閑/a	/c/nl/eerlijk	2.0	/d/jmdict	/r/Synonym
/c/ja/偸閑/a	/c/nl/even	2.0	/d/jmdict	/r/Synonym
/c/ja/偸閑/a	/c/nl/expliciet	2.0	/d/jmdict	/r/Synonym
/c/ja/偸閑/a	/c/nl/ineens	2.0	/d/jmdict	/r/Synonym
/c/ja/偸閑/a	/c/nl/kortstondig	2.0	/d/jmdict	/r/Synonym
/c/ja/偸閑/a	/c/nl/ongegeneerd	2.0	/d/jmdict	/r/Synonym
/c/ja/偸閑/a	/c/nl/onomwonden	2.0	/d/jmdict	/r/Synonym
/c/ja/偸閑/a	/c/nl/onverbloemd	2.0	/d/jmdict	/r/Synonym
/c/ja/偸閑/a	/c/nl/onverholen	2.0	/d/jmdict	/r/Synonym
/c/ja/偸閑/a	/c/nl/onverwacht	2.0	/d/jmdict	/r/Synonym
/c/ja/偸閑/a	/c/nl/onverwachts	2.0	/d/jmdict	/r/Synonym
/c/ja/偸閑/a	/c/nl/opeens	2.0	/d/jmdict	/r/Synonym
/c/ja/偸閑/a	/c/nl/openbaar	2.0	/d/jmdict	/r/Synonym
/c/ja/偸閑/a	/c/nl/openlijk	2.0	/d/jmdict	/r/Synonym
/c/ja/偸閑/a	/c/nl/plots	2.0	/d/jmdict	/r/Synonym
/c/ja/偸閑/a	/c/nl/plotseling	2.0	/d/jmdict	/r/Synonym
/c/ja/偸閑/a	/c/nl/tijdelijk	2.0	/d/jmdict	/r/Synonym
/c/ja/偸閑/a	/c/nl/vluchtig	2.0	/d/jmdict	/r/Synonym
/c/ja/偸閑/a	/c/nl/voorlopig	2.0	/d/jmdict	/r/Synonym
/c/ja/明かん/n	/c/de/blöd_zwecklos	2.0	/d/jmdict	/r/Synonym
/c/ja/明かん/n	/c/de/mies	2.0	/d/jmdict	/r/Synonym
/c/ja/明かん/n	/c/de/schlecht	2.0	/d/jmdict	/r/Synonym
/c/ja/明かん/n	/c/de/umsonst	2.0	/d/jmdict	/r/Synonym
/c/ja/明かん/n	/c/de/unmöglich	2.0	/d/jmdict	/r/Synonym
/c/ja/明かん/n	/c/de/zu_nichts_nutze	2.0	/d/jmdict	/r/Synonym
/c/ja/明かん/n	/c/en/hopeless	2.0	/d/jmdict	/r/Synonym
/c/ja/明かん/n	/c/en/no_good	2.0	/d/jmdict	/r/Synonym
/c/ja/明かん/n	/c/en/useless	2.0	/d/jmdict	/r/Synonym
/c/ja/明かん/n	/c/ja/明かん	1.0	/d/jmdict	/r/SenseOf
/c/ja/明白/a	/c/de/aufrichtig	2.0	/d/jmdict	/r/Synonym
/c/ja/明白/a	/c/de/ausdrücklich	2.0	/d/jmdict	/r/Synonym
/c/ja/明白/a	/c/de/deutlich	2.0	/d/jmdict	/r/Synonym
/c/ja/明白/a	/c/de/frisch_von_der_leber_weg	2.0	/d/jmdict	/r/Synonym
/c/ja/明白/a	/c/de/klar	2.0	/d/jmdict	/r/Synonym
/c/ja/明白/a	/c/de/offen	2.0	/d/jmdict	/r/Synonym
/c/ja/明白/a	/c/de/offenherzig	2.0	/d/jmdict	/r/Synonym
/c/ja/明白/a	/c/de/offensichtlich	2.0	/d/jmdict	/r/Synonym
/c/ja/明白/a	/c/de/unbestritten	2.0	/d/jmdict	/r/Synonym
/c/ja/明白/a	/c/de/unverhohlen	2.0	/d/jmdict	/r/Synonym
/c/ja/明白/a	/c/de/unverkennbar	2.0	/d/jmdict	/r/Synonym
/c/ja/明白/a	/c/en/apparent	2.0	/d/jmdict	/r/Synonym
/c/ja/明白/a	/c/en/blatant	2.0	/d/jmdict	/r/Synonym
/c/ja/明白/a	/c/en/candid	2.0	/d/jmdict	/r/Synonym
/c/ja/明白/a	/c/en/clear	2.0	/d/jmdict	/r/Synonym
/c/ja/明白/a	/c/en/direct	2.0	/d/jmdict	/r/Synonym
/c/ja/明白/a	/c/en/evident	2.0	/d/jmdict	/r/Synonym
/c/ja/明白/a	/c/en/explicit	2.0	/d/jmdict	/r/Synonym
/c/ja/明白/a	/c/en/flagrant	2.0	/d/jmdict	/r/Synonym
/c/ja/明白/a	/c/en/frank	2.0	/d/jmdict	/r/Synonym
/c/ja/明白/a	/c/en/obvious	2.0	/d/jmdict	/r/Synonym
/c/ja/明白/a	/c/en/open	2.0	/d/jmdict	/r/Synonym
/c/ja/明白/a	/c/en/overt	2.0	/d/jmdict	/r/Synonym
/c/ja/明白/a	/c/en/plain	2.0	/d/jmdict	/r/Synonym
/c/ja/明白/a	/c/en/straightforward	2.0	/d/jmdict	/r/Synonym
/c/ja/明白/a	/c/en/unabashed	2.0	/d/jmdict	/r/Synonym
/c/ja/明白/a	/c/fr/clair	2.0	/d/jmdict	/r/Synonym
/c/ja/明白/a	/c/fr/évident	2.0	/d/jmdict	/r/Synonym
/c/ja/明白/a	/c/ja/明白	1.0	/d/jmdict	/r/SenseOf
/c/ja/明白/a	/c/nl/direct	2.0	/d/jmdict	/r/Synonym
/c/ja/明白/a	/c/nl/duidelijk	2.0	/d/jmdict	/r/Synonym
/c/ja/明白/a	/c/nl/eerlijk	2.0	/d/jmdict	/r/Synonym
/c/ja/明白/a	/c/nl/even	2.0	/d/jmdict	/r/Synonym
/c/ja/明白/a	/c/nl/expliciet	2.0	/d/jmdict	/r/Synonym
/c/ja/明白/a	/c/nl/ineens	2.0	/d/jmdict	/r/Synonym
/c/ja/明白/a	/c/nl/kortstondig	2.0	/d/jmdict	/r/Synonym
/c/ja/明白/a	/c/nl/ongegeneerd	2.0	/d/jmdict	/r/Synonym
/c/ja/明白/a	/c/nl/onomwonden	2.0	/d/jmdict	/r/Synonym
/c/ja/明白/a	/c/nl/onverbloemd	2.0	/d/jmdict	/r/Synonym
/c/ja/明白/a	/c/nl/onverholen	2.0	/d/jmdict	/r/Synonym
/c/ja/明白/a	/c/nl/onverwacht	2.0	/d/jmdict	/r/Synonym
/c/ja/明白/a	/c/nl/onverwachts	2.0	/d/jmdict	/r/Synonym
/c/ja/明白/a	/c/nl/opeens	2.0	/d/jmdict	/r/Synonym
/c/ja/明白/a	/c/nl/openbaar	2.0	/d/jmdict	/r/Synonym
/c/ja/明白/a	/c/nl/openlijk	2.0	/d/jmdict	/r/Synonym
/c/ja/明白/a	/c/nl/plots	2.0	/d/jmdict	/r/Synonym
/c/ja/明白/a	/c/nl/plotseling	2.0	/d/jmdict	/r/Synonym
/c/ja/明白/a	/c/nl/tijdelijk	2.0	/d/jmdict	/r/Synonym
/c/ja/明白/a	/c/nl/vluchtig	2.0	/d/jmdict	/r/Synonym
/c/ja/明白/a	/c/nl/voorlopig	2.0	/d/jmdict	/r/Synonym
/c/ja/明白/a	/c/ru/очеви́дный	2.0	/d/jmdict	/r/Synonym
/c/ja/白地/a	/c/de/aufrichtig	2.0	/d/jmdict	/r/Synonym
/c/ja/白地/a	/c/de/ausdrücklich	2.0	/d/jmdict	/r/Synonym
/c/ja/白地/a	/c/de/deutlich	2.0	/d/jmdict	/r/Synonym
/c/ja/白地/a	/c/de/frisch_von_der_leber_weg	2.0	/d/jmdict	/r/Synonym
/c/ja/白地/a	/c/de/klar	2.0	/d/jmdict	/r/Synonym
/c/ja/白地/a	/c/de/offen	2.0	/d/jmdict	/r/Synonym
/c/ja/白地/a	/c/de/offenherzig	2.0	/d/jmdict	/r/Synonym
/c/ja/白地/a	/c/de/unverhohlen	2.0	/d/jmdict	/r/Synonym
/c/ja/白地/a	/c/en/blatant	2.0	/d/jmdict	/r/Synonym
/c/ja/白地/a	/c/en/candid	2.0	/d/jmdict	/r/Synonym
/c/ja/白地/a	/c/en/direct	2.0	/d/jmdict	/r/Synonym
/c/ja/白地/a	/c/en/flagrant	2.0	/d/jmdict	/r/Synonym
/c/ja/白地/a	/c/en/frank	2.0	/d/jmdict	/r/Synonym
/c/ja/白地/a	/c/en/open	2.0	/d/jmdict	/r/Synonym
/c/ja/白地/a	/c/en/plain	2.0	/d/jmdict	/r/Synonym
/c/ja/白地/a	/c/en/straightforward	2.0	/d/jmdict	/r/Synonym
/c/ja/白地/a	/c/en/unabashed	2.0	/d/jmdict	/r/Synonym
/c/ja/白地/a	/c/ja/白地	1.0	/d/jmdict	/r/SenseOf
/c/ja/白地/a	/c/nl/direct	2.0	/d/jmdict	/r/Synonym
/c/ja/白地/a	/c/nl/duidelijk	2.0	/d/jmdict	/r/Synonym
/c/ja/白地/a	/c/nl/eerlijk	2.0	/d/jmdict	/r/Synonym
/c/ja/白地/a	/c/nl/even	2.0	/d/jmdict	/r/Synonym
/c/ja/白地/a	/c/nl/expliciet	2.0	/d/jmdict	/r/Synonym
/c/ja/白地/a	/c/nl/ineens	2.0	/d/jmdict	/r/Synonym
/c/ja/白地/a	/c/nl/kortstondig	2.0	/d/jmdict	/r/Synonym
/c/ja/白地/a	/c/nl/ongegeneerd	2.0	/d/jmdict	/r/Synonym
/c/ja/白地/a	/c/nl/onomwonden	2.0	/d/jmdict	/r/Synonym
/c/ja/白地/a	/c/nl/onverbloemd	2.0	/d/jmdict	/r/Synonym
/c/ja/白地/a	/c/nl/onverholen	2.0	/d/jmdict	/r/Synonym
/c/ja/白地/a	/c/nl/onverwacht	2.0	/d/jmdict	/r/Synonym
/c/ja/白地/a	/c/nl/onverwachts	2.0	/d/jmdict	/r/Synonym
/c/ja/白地/a	/c/nl/opeens	2.0	/d/jmdict	/r/Synonym
/c/ja/白地/a	/c/nl/openbaar	2.0	/d/jmdict	/r/Synonym
/c/ja/白地/a	/c/nl/openlijk	2.0	/d/jmdict	/r/Synonym
/c/ja/白地/a	/c/nl/plots	2.0	/d/jmdict	/r/Synonym
/c/ja/白地/a	/c/nl/plotseling	2.0	/d/jmdict	/r/Synonym
/c/ja/白地/a	/c/nl/tijdelijk	2.0	/d/jmdict	/r/Synonym
/c/ja/白地/a	/c/nl/vluchtig	2.0	/d/jmdict	/r/Synonym
/c/ja/白地/a	/c/nl/voorlopig	2.0	/d/jmdict	/r/Synonym
/c/ja/試/n	/c/en/test/n	2.0	/d/wordnet/3.1	/r/Synonym
/c/ja/試/n	/c/ja/試	1.0	/d/wordnet/3.1	/r/SenseOf
/c/ja/試し/n	/c/en/test/n	2.0	/d/wordnet/3.1	/r/Synonym
/c/ja/試し/n	/c/ja/試し	1.0	/d/wordnet/3.1	/r/SenseOf
/c/ja/試行/n	/c/en/test/n	2.0	/d/wordnet/3.1	/r/Synonym
/c/ja/試行/n	/c/ja/試行	1.0	/d/wordnet/3.1	/r/SenseOf
/c/ja/試験/n	/c/en/test/n	2.0	/d/wordnet/3.1	/r/Synonym
/c/ja/試験/n	/c/ja/試験	1.0	/d/wordnet/3.1	/r/SenseOf
/c/ja/験し/n	/c/en/test/n	2.0	/d/wordnet/3.1	/r/Synonym
/c/ja/験し/n	/c/ja/験し	1.0	/d/wordnet/3.1	/r/SenseOf
/c/ko/미국의_교육	/c/en/education_in_united_states	0.5	/d/dbpedia/en	/r/Synonym
/c/ko/시험	/c/en/test/n	0.5	/d/dbpedia/en	/r/Synonym
/c/ms/pendidikan_di_amerika_syarikat	/c/en/education_in_united_states	0.5	/d/dbpedia/en	/r/Synonym
/c/ms/percubaan/n	/c/en/test/n	2.0	/d/wordnet/3.1	/r/Synonym
/c/ms/percubaan/n	/c/ms/percubaan	1.0	/d/wordnet/3.1	/r/SenseOf
/c/ms/uji/n	/c/en/test/n	2.0	/d/wordnet/3.1	/r/Synonym
/c/ms/uji/n	/c/ms/uji	1.0	/d/wordnet/3.1	/r/SenseOf
/c/ms/ujian	/c/en/test/n	0.5	/d/dbpedia/en	/r/Synonym
/c/ms/ujian/n	/c/en/test/n	2.0	/d/wordnet/3.1	/r/Synonym
/c/ms/ujian/n	/c/ms/ujian	1.0	/d/wordnet/3.1	/r/SenseOf
/c/nl/examen	/c/en/test/n	0.5	/d/dbpedia/en	/r/Synonym
/c/nl/onderwijs_in_de_verenigde_staten	/c/en/education_in_united_states	0.5	/d/dbpedia/en	/r/Synonym
/c/nl/test	/c/en/test	0.25	/d/wiktionary/en	/r/EtymologicallyRelatedTo
/c/nl/test/n	/c/de/test	1.0	/d/wiktionary/de	/r/Synonym
/c/nl/test/n	/c/en/test	1.0	/d/wiktionary/en	/r/RelatedTo
/c/nl/test/n	/c/fr/essai	1.0	/d/wiktionary/fr	/r/RelatedTo
/c/nl/test/n	/c/nl/beproeving	1.0	/d/wiktionary/fr	/r/Synonym
/c/nl/test/n	/c/nl/experiment	1.0	/d/wiktionary/en	/r/Synonym
/c/nl/test/n	/c/nl/poging	1.0	/d/wiktionary/fr	/r/Synonym
/c/nl/test/n	/c/nl/proef	2.0	/d/wiktionary/en	/r/Synonym
/c/nl/test/n	/c/nl/test	1.0	/d/wiktionary/de	/r/SenseOf
/c/nl/test/n	/c/nl/test	1.0	/d/wiktionary/en	/r/SenseOf
/c/nl/test/n	/c/nl/test	1.0	/d/wiktionary/fr	/r/SenseOf
/c/nl/test/n	/c/nl/toets	1.0	/d/wiktionary/fr	/r/Synonym
/c/nl/test/n	/c/nl/toetsing	1.0	/d/wiktionary/fr	/r/Synonym
/c/nl/testen	/c/nl/test/n	1.0	/d/wiktionary/de	/r/FormOf
/c/nl/tests	/c/nl/test/n	1.0	/d/wiktionary/de	/r/FormOf
/c/no/eksamen	/c/en/test/n	0.5	/d/dbpedia/en	/r/Synonym
/c/no/test	/c/en/test	0.25	/d/wiktionary/en	/r/EtymologicallyRelatedTo
/c/no/test/n	/c/en/test	1.0	/d/wiktionary/en	/r/RelatedTo
/c/no/test/n	/c/en/test/n	2.0	/d/wordnet/3.1	/r/Synonym
/c/no/test/n	/c/no/test	1.0	/d/wiktionary/en	/r/SenseOf
/c/no/test/n	/c/no/test	1.0	/d/wordnet/3.1	/r/SenseOf
/c/no/test/n	/c/no/teste	1.0	/d/wiktionary/en	/r/RelatedTo
/c/pl/egzamin	/c/en/test/n	0.5	/d/dbpedia/en	/r/Synonym
/c/pl/test/n	/c/en/test	1.0	/d/wiktionary/en	/r/RelatedTo
/c/pl/test/n	/c/pl/test	1.0	/d/wiktionary/en	/r/SenseOf
/c/pt/educação_nos_estados_unidos	/c/en/education_in_united_states	0.5	/d/dbpedia/en	/r/Synonym
/c/pt/estão_com_sono	/c/pt/dormem	2.82842712474619	/d/conceptnet/4/pt	/r/HasSubevent
/c/pt/teste/n	/c/en/test/n	2.0	/d/wordnet/3.1	/r/Synonym
/c/pt/teste/n	/c/pt/teste	1.0	/d/wordnet/3.1	/r/SenseOf
/c/ro/examen	/c/en/test/n	0.5	/d/dbpedia/en	/r/Synonym
/c/ru/контрольная_работа	/c/en/test/n	0.5	/d/dbpedia/en	/r/Synonym
/c/ru/система_образования_сша	/c/en/education_in_united_states	0.5	/d/dbpedia/en	/r/Synonym
/c/sh/ispit	/c/en/test/n	0.5	/d/dbpedia/en	/r/Synonym
/c/sh/test/n	/c/en/test	1.0	/d/wiktionary/en	/r/RelatedTo
/c/sh/test/n	/c/sh/test	1.0	/d/wiktionary/en	/r/SenseOf
/c/sk/školstvo_v_usa	/c/en/education_in_united_states	0.5	/d/dbpedia/en	/r/Synonym
/c/sl/izpit	/c/en/test/n	0.5	/d/dbpedia/en	/r/Synonym
/c/sq/data	/c/en/test/n	0.5	/d/dbpedia/en	/r/Synonym
/c/sq/provë/n	/c/en/test/n	2.0	/d/wordnet/3.1	/r/Synonym
/c/sq/provë/n	/c/sq/provë	1.0	/d/wordnet/3.1	/r/SenseOf
/c/sq/test/n	/c/en/test/n	2.0	/d/wordnet/3.1	/r/Synonym
/c/sq/test/n	/c/sq/test	1.0	/d/wordnet/3.1	/r/SenseOf
/c/sq/testoj/n	/c/en/test/n	2.0	/d/wordnet/3.1	/r/Synonym
/c/sq/testoj/n	/c/sq/testoj	1.0	/d/wordnet/3.1	/r/SenseOf
/c/sv/prov/n	/c/en/test/n	0.5	/d/dbpedia/en	/r/Synonym
/c/sv/prov/n	/c/sv/prov	1.0	/d/dbpedia/en	/r/SenseOf
/c/sv/test/n	/c/en/examination	1.0	/d/wiktionary/en	/r/RelatedTo
/c/sv/test/n	/c/en/test	1.0	/d/wiktionary/en	/r/RelatedTo
/c/sv/test/n	/c/en/trial	1.0	/d/wiktionary/en	/r/RelatedTo
/c/sv/test/n	/c/fr/coupelle	1.0	/d/wiktionary/fr	/r/RelatedTo
/c/sv/test/n	/c/fr/test	1.0	/d/wiktionary/fr	/r/RelatedTo
/c/sv/test/n	/c/fr/épreuve	1.0	/d/wiktionary/fr	/r/RelatedTo
/c/sv/test/n	/c/sv/betatest	1.0	/d/wiktionary/en	/r/RelatedTo
/c/sv/test/n	/c/sv/examen	1.0	/d/wiktionary/en	/r/Synonym
/c/sv/test/n	/c/sv/experiment	1.0	/d/wiktionary/en	/r/RelatedTo
/c/sv/test/n	/c/sv/experiment	1.0	/d/wiktionary/en	/r/Synonym
/c/sv/test/n	/c/sv/försök	1.0	/d/wiktionary/en	/r/Synonym
/c/sv/test/n	/c/sv/hårtest	1.0	/d/wiktionary/en	/r/RelatedTo
/c/sv/test/n	/c/sv/hårtest	1.0	/d/wiktionary/fr	/r/Synonym
/c/sv/test/n	/c/sv/prov	1.0	/d/wiktionary/en	/r/Synonym
/c/sv/test/n	/c/sv/prov	1.0	/d/wiktionary/fr	/r/Synonym
/c/sv/test/n	/c/sv/skrivning	1.0	/d/wiktionary/en	/r/Synonym
/c/sv/test/n	/c/sv/test	1.0	/d/wiktionary/en	/r/SenseOf
/c/sv/test/n	/c/sv/test	1.0	/d/wiktionary/fr	/r/SenseOf
/c/sv/test/n	/c/sv/testa	1.0	/d/wiktionary/en	/r/RelatedTo
/c/sv/test/n	/c/sv/tofs	1.0	/d/wiktionary/en	/r/Synonym
/c/sv/test/n	/c/sv/tuss	1.0	/d/wiktionary/en	/r/Synonym
/c/sv/utbildning_i_usa	/c/en/education_in_united_states	0.5	/d/dbpedia/en	/r/Synonym
/c/th/การลงโทษเป็นเยี่ยงอย่าง/n	/c/en/test/n	2.0	/d/wordnet/3.1	/r/Synonym
/c/th/การลงโทษเป็นเยี่ยงอย่าง/n	/c/th/การลงโทษเป็นเยี่ยงอย่าง	1.0	/d/wordnet/3.1	/r/SenseOf
/c/tr/sınav	/c/en/test/n	0.5	/d/dbpedia/en	/r/Synonym
/c/tr/test	/c/en/test	0.25	/d/wiktionary/en	/r/EtymologicallyRelatedTo
/c/tr/test/n	/c/en/test	1.0	/d/wiktionary/de	/r/Synonym
/c/tr/test/n	/c/en/test	1.0	/d/wiktionary/en	/r/RelatedTo
/c/tr/test/n	/c/tr/test	1.0	/d/wiktionary/de	/r/SenseOf
/c/tr/test/n	/c/tr/test	1.0	/d/wiktionary/en	/r/SenseOf
/c/uk/система_освіти_сполучених_штатів_америки	/c/en/education_in_united_states	0.5	/d/dbpedia/en	/r/Synonym
/c/vi/giáo_dục_hoa_kỳ	/c/en/education_in_united_states	0.5	/d/dbpedia/en	/r/Synonym
/c/zh/檢查	/c/zh/經理來訪	1.0	/d/conceptnet/4/zh	/r/HasSubevent
/c/zh/檢查	/c/zh/走到飲水機	1.0	/d/conceptnet/4/zh	/r/UsedFor
/c/zh/測驗	/c/en/test/n	0.5	/d/dbpedia/en	/r/Synonym
/c/zh/美国教育	/c/en/education_in_united_states	0.5	/d/dbpedia/en	/r/Synonym
/c/zh/試/n	/c/en/test/n	2.0	/d/wordnet/3.1	/r/Synonym
/c/zh/試/n	/c/zh/試	1.0	/d/wordnet/3.1	/r/SenseOf
