/c/en/test/n/wikt/en_1	/c/en/test	1.0	/d/wiktionary/en	/r/SenseOf
/c/en/test/n/wikt/en_1	/c/en/breeze	1.0	/d/wiktionary/en	/r/Antonym
/c/en/test/n/wikt/en_1	/c/en/recess	1.0	/d/wiktionary/en	/r/Antonym
/c/en/hard_questions	/c/en/test	1.0	/d/conceptnet/4/en	/r/AtLocation
/c/en/wheat	/c/en/field	2.0	/d/conceptnet/4/en	/r/AtLocation
/c/ja/ç§‘å­¦è€…	/c/ja/ãƒ†ã‚¹ãƒˆ	1.0	/d/kyoto_yahoo	/r/CapableOf
/c/cs/test/n	/c/cs/test	1.0	/d/wiktionary/en	/r/SenseOf
/c/cs/testovacÃ­	/c/cs/test/n	1.0	/d/wiktionary/en	/r/DerivedFrom
/c/cs/testovat	/c/cs/test/n	1.0	/d/wiktionary/en	/r/DerivedFrom
/c/cs/testovÃ½	/c/cs/test/n	1.0	/d/wiktionary/en	/r/DerivedFrom
/c/en/test_case	/c/en/test/n/wikt/en_1	1.0	/d/wiktionary/en	/r/DerivedFrom
/c/en/test_drive	/c/en/test/n/wikt/en_1	1.0	/d/wiktionary/en	/r/DerivedFrom
/c/en/test_flight	/c/en/test/n/wikt/en_1	1.0	/d/wiktionary/en	/r/DerivedFrom
/c/en/test_run	/c/en/test/n/wikt/en_1	1.0	/d/wiktionary/en	/r/DerivedFrom
/c/en/test_tube	/c/en/test/n/wikt/en_1	1.0	/d/wiktionary/en	/r/DerivedFrom
/c/en/tester	/c/en/test/n/wikt/en_1	1.0	/d/wiktionary/en	/r/DerivedFrom
/c/fr/test/n/wikt/en_1	/c/fr/test	1.0	/d/wiktionary/en	/r/SenseOf
/c/fr/tester	/c/fr/test/n/wikt/en_1	1.0	/d/wiktionary/en	/r/DerivedFrom
/c/hu/test/n	/c/hu/test	1.0	/d/wiktionary/en	/r/SenseOf
/c/hu/a_lÃ©lek_kÃ©sz_de_a_test_erÅ‘tlen	/c/hu/test/n	1.0	/d/wiktionary/en	/r/DerivedFrom
/c/hu/arkhimÃ©deszi_test	/c/hu/test/n	1.0	/d/wiktionary/en	/r/DerivedFrom
/c/hu/forgÃ¡stest	/c/hu/test/n	1.0	/d/wiktionary/en	/r/DerivedFrom
/c/hu/holttest	/c/hu/test/n	1.0	/d/wiktionary/en	/r/DerivedFrom
/c/hu/platÃ³ni_test	/c/hu/test/n	1.0	/d/wiktionary/en	/r/DerivedFrom
/c/hu/test/n	/c/hu/test	1.0	/d/wiktionary/de	/r/SenseOf
/c/hu/testalkat	/c/hu/test/n	2.0	/d/wiktionary/de	/r/DerivedFrom
/c/hu/testamentum	/c/hu/test/n	1.0	/d/wiktionary/de	/r/DerivedFrom
/c/hu/testes	/c/hu/test/n	1.0	/d/wiktionary/en	/r/DerivedFrom
/c/hu/testvÃ©r	/c/hu/test/n	1.0	/d/wiktionary/en	/r/DerivedFrom
/c/hu/testÃ¡polÃ¡s	/c/hu/test/n	2.0	/d/wiktionary/de	/r/DerivedFrom
/c/hu/testÃ¡polÃ³	/c/hu/test/n	1.0	/d/wiktionary/de	/r/DerivedFrom
/c/hu/testÅ‘r	/c/hu/test/n	1.0	/d/wiktionary/en	/r/DerivedFrom
/c/en/test	/c/fro/test	0.25	/d/wiktionary/en	/r/EtymologicallyRelatedTo
/c/en/test	/c/fro/tester	0.25	/d/wiktionary/en	/r/EtymologicallyRelatedTo
/c/en/test	/c/la/terra	0.25	/d/wiktionary/en	/r/EtymologicallyRelatedTo
/c/en/test	/c/la/tersa	0.25	/d/wiktionary/en	/r/EtymologicallyRelatedTo
/c/en/test	/c/la/terstus	0.25	/d/wiktionary/en	/r/EtymologicallyRelatedTo
/c/en/test	/c/la/testari	0.25	/d/wiktionary/en	/r/EtymologicallyRelatedTo
/c/en/test	/c/la/testis	0.25	/d/wiktionary/en	/r/EtymologicallyRelatedTo
/c/en/test	/c/la/testum	0.25	/d/wiktionary/en	/r/EtymologicallyRelatedTo
/c/fr/test	/c/en/test	0.25	/d/wiktionary/en	/r/EtymologicallyRelatedTo
/c/fr/test	/c/la/testa	0.25	/d/wiktionary/en	/r/EtymologicallyRelatedTo
/c/fro/test	/c/la/testum	0.25	/d/wiktionary/en	/r/EtymologicallyRelatedTo
/c/nl/test	/c/en/test	0.25	/d/wiktionary/en	/r/EtymologicallyRelatedTo
/c/no/test	/c/en/test	0.25	/d/wiktionary/en	/r/EtymologicallyRelatedTo
/c/tr/test	/c/en/test	0.25	/d/wiktionary/en	/r/EtymologicallyRelatedTo
/c/ca/test/n	/c/ca/test	1.0	/d/wiktionary/de	/r/SenseOf
/c/ca/testsels_testos	/c/ca/test/n	1.0	/d/wiktionary/de	/r/FormOf
/c/en/carrots/n/wikt/en_1	/c/en/carrots	1.0	/d/wiktionary/en	/r/SenseOf
/c/en/carrots/n/wikt/en_1	/c/en/carrot	1.0	/d/wiktionary/en	/r/FormOf
/c/en/eating/v/wikt/en_1	/c/en/eating	1.0	/d/wiktionary/en	/r/SenseOf
/c/en/eating/v/wikt/en_1	/c/en/eat	1.0	/d/wiktionary/en	/r/FormOf
/c/en/is/v/wikt/en_1	/c/en/is	1.0	/d/wiktionary/en	/r/SenseOf
/c/en/is/v/wikt/en_1	/c/en/be	1.0	/d/wiktionary/en	/r/FormOf
/c/en/people/n/wikt/en_1	/c/en/people	1.0	/d/wiktionary/en	/r/SenseOf
/c/en/people/n/wikt/en_1	/c/en/person	1.0	/d/wiktionary/en	/r/FormOf
/c/en/test/n	/c/en/test	1.0	/d/wiktionary/de	/r/SenseOf
/c/en/tests	/c/en/test/n	1.0	/d/wiktionary/de	/r/FormOf
/c/es/tengo/v	/c/es/tengo	1.0	/d/wiktionary/en	/r/SenseOf
/c/es/tengo/v	/c/es/tener	1.0	/d/wiktionary/en	/r/FormOf
/c/hu/a_testben	/c/hu/test/n	1.0	/d/wiktionary/de	/r/FormOf
/c/hu/a_testek	/c/hu/test/n	1.0	/d/wiktionary/de	/r/FormOf
/c/hu/a_testekben	/c/hu/test/n	1.0	/d/wiktionary/de	/r/FormOf
/c/hu/a_testeket	/c/hu/test/n	1.0	/d/wiktionary/de	/r/FormOf
/c/hu/a_testeknek	/c/hu/test/n	1.0	/d/wiktionary/de	/r/FormOf
/c/hu/a_testet	/c/hu/test/n	1.0	/d/wiktionary/de	/r/FormOf
/c/hu/a_testnek	/c/hu/test/n	1.0	/d/wiktionary/de	/r/FormOf
/c/nl/test/n	/c/nl/test	1.0	/d/wiktionary/de	/r/SenseOf
/c/nl/testen	/c/nl/test/n	1.0	/d/wiktionary/de	/r/FormOf
/c/nl/tests	/c/nl/test/n	1.0	/d/wiktionary/de	/r/FormOf
/c/en/test/n	/c/en/test	1.0	/d/wiktionary/fr	/r/SenseOf
/c/en/test/n	/c/fr/anatomie	1.0	/d/wiktionary/fr	/r/HasContext
/c/en/test/n	/c/fr/dÃ©suet	1.0	/d/wiktionary/fr	/r/HasContext
/c/en/test/n	/c/fr/politique	1.0	/d/wiktionary/fr	/r/HasContext
/c/en/test/n	/c/fr/psychologie	1.0	/d/wiktionary/fr	/r/HasContext
/c/en/test/n	/c/fr/sport	1.0	/d/wiktionary/fr	/r/HasContext
/c/en/test/n/wikt/en_1	/c/en/academia	1.0	/d/wiktionary/en	/r/HasContext
/c/en/test/n/wikt/en_1	/c/en/botany	1.0	/d/wiktionary/en	/r/HasContext
/c/en/test/n/wikt/en_1	/c/en/cricket	1.0	/d/wiktionary/en	/r/HasContext
/c/en/test/n/wikt/en_1	/c/en/marine_biology	1.0	/d/wiktionary/en	/r/HasContext
/c/en/test/n/wikt/en_1	/c/en/normally_test	1.0	/d/wiktionary/en	/r/HasContext
/c/en/test/n/wikt/en_1	/c/en/obsolete	1.0	/d/wiktionary/en	/r/HasContext
/c/en/test/n/wikt/en_2	/c/en/test	1.0	/d/wiktionary/en	/r/SenseOf
/c/en/test/n/wikt/en_2	/c/en/obsolete	1.0	/d/wiktionary/en	/r/HasContext
/c/en/test/v/wikt/en_1	/c/en/test	1.0	/d/wiktionary/en	/r/SenseOf
/c/en/test/v/wikt/en_1	/c/en/academics	1.0	/d/wiktionary/en	/r/HasContext
/c/en/test/v/wikt/en_1	/c/en/chemistry	1.0	/d/wiktionary/en	/r/HasContext
/c/en/test/v/wikt/en_2	/c/en/test	1.0	/d/wiktionary/en	/r/SenseOf
/c/en/test/v/wikt/en_2	/c/en/obsolete	1.0	/d/wiktionary/en	/r/HasContext
/c/fr/test/n/wikt/en_1	/c/en/marine_biology	1.0	/d/wiktionary/en	/r/HasContext
/c/fr/test/n/wikt/fr_2	/c/fr/test	1.0	/d/wiktionary/fr	/r/SenseOf
/c/fr/test/n/wikt/fr_2	/c/fr/technique	1.0	/d/wiktionary/fr	/r/HasContext
/c/fr/test/v/wikt/fr_1	/c/fr/test	1.0	/d/wiktionary/fr	/r/SenseOf
/c/fr/test/v/wikt/fr_1	/c/fr/argot	1.0	/d/wiktionary/fr	/r/HasContext
/c/hu/test/n	/c/en/algebra	1.0	/d/wiktionary/en	/r/HasContext
/c/hu/test/n	/c/en/geometry	1.0	/d/wiktionary/en	/r/HasContext
/c/ja/ãƒã‚¤ãƒˆ/n/jmdict/2	/c/ja/ãƒã‚¤ãƒˆ	1.0	/d/jmdict	/r/SenseOf
/c/ja/ãƒã‚¤ãƒˆ/n/jmdict/2	/c/en/computer_terminology	2.0	/d/jmdict	/r/HasContext
/c/ja/ãƒã‚¤ãƒˆ/n/jmdict/2	/c/en/mathematics	2.0	/d/jmdict	/r/HasContext
/c/ja/ãƒ†ã‚¹ãƒˆ	/c/ja/å‹‰å¼·	0.10000000000000009	/d/conceptnet/4/ja	/r/HasPrerequisite
/c/en/education_in_united_states	/c/en/certainly_thing	1.0	/d/conceptnet/4/en	/r/HasProperty
/c/ja/ãƒ†ã‚¹ãƒˆ	/c/ja/åå‰ã‚’æ›¸ãã“ã¨	0.20000000000000018	/d/conceptnet/4/ja	/r/HasSubevent
/c/pt/estÃ£o_com_sono	/c/pt/dormem	2.82842712474619	/d/conceptnet/4/pt	/r/HasSubevent
/c/zh/æª¢æŸ¥	/c/zh/ç¶“ç†ä¾†è¨ª	1.0	/d/conceptnet/4/zh	/r/HasSubevent
/c/en/adjudging/n	/c/en/adjudging	1.0	/d/opencyc	/r/SenseOf
/c/en/evaluating/n	/c/en/evaluating	1.0	/d/opencyc	/r/SenseOf
/c/en/adjudging/n	/c/en/evaluating/n	1.0	/d/opencyc	/r/IsA
/c/en/assay/n/wn	/c/en/assay	1.0	/d/wordnet/3.1	/r/SenseOf
/c/en/test/n/wn/act	/c/en/test	1.0	/d/wordnet/3.1	/r/SenseOf
/c/en/assay/n/wn	/c/en/test/n/wn/act	2.0	/d/wordnet/3.1	/r/IsA
/c/en/checking/n	/c/en/checking	1.0	/d/opencyc	/r/SenseOf
/c/en/checking/n	/c/en/evaluating/n	1.0	/d/opencyc	/r/IsA
/c/en/evaluating_action/n	/c/en/evaluating_action	1.0	/d/opencyc	/r/SenseOf
/c/en/evaluating_action/n	/c/en/evaluating/n	1.0	/d/opencyc	/r/IsA
/c/en/evaluating_nutrition/n	/c/en/evaluating_nutrition	1.0	/d/opencyc	/r/SenseOf
/c/en/evaluating_nutrition/n	/c/en/evaluating_action/n	1.0	/d/opencyc	/r/IsA
/c/en/striking_down/n	/c/en/striking_down	1.0	/d/opencyc	/r/SenseOf
/c/en/striking_down/n	/c/en/adjudging/n	1.0	/d/opencyc	/r/IsA
/c/en/test/n/wp/assessment	/c/en/test	1.0	/d/dbpedia/en	/r/SenseOf
/c/en/example_concept/n	/c/en/example_concept	1.0	/d/dbpedia/en	/r/SenseOf
/c/en/test/n/wp/assessment	/c/en/example_concept/n	0.5	/d/dbpedia/en	/r/IsA
/c/ja/Î±_ãƒ†ã‚¹ãƒˆ	/c/ja/ãƒ†ã‚¹ãƒˆ	0.5	/d/kyoto_yahoo	/r/IsA
/c/ja/Î±_ãƒ†ã‚¹ãƒˆ	/c/ja/è©¦é¨“	0.5	/d/kyoto_yahoo	/r/IsA
/c/ja/Î²_ãƒ†ã‚¹ãƒˆ	/c/ja/ãƒ†ã‚¹ãƒˆ	1.0	/d/kyoto_yahoo	/r/IsA
/c/ja/Î²_ãƒ†ã‚¹ãƒˆ	/c/ja/ãƒˆãƒ©ã‚¤ã‚¢ãƒ«	0.5	/d/kyoto_yahoo	/r/IsA
/c/ja/Î²_ãƒ†ã‚¹ãƒˆ	/c/ja/è©¦ã™ã“ã¨	0.5	/d/kyoto_yahoo	/r/IsA
/c/ja/Î²_ãƒ†ã‚¹ãƒˆ	/c/ja/è©¦ç”¨	0.5	/d/kyoto_yahoo	/r/IsA
/c/ja/ã‚¢ãƒŠãƒãƒ—ãƒ†ã‚¹ãƒˆ	/c/ja/ãƒ—ãƒ­ãƒ†ã‚¹ã‚¿ãƒ³ãƒˆ	0.5	/d/kyoto_yahoo	/r/IsA
/c/ja/ã‚¢ãƒ«ãƒ•ã‚¡ãƒ†ã‚¹ãƒˆ	/c/ja/ãƒ†ã‚¹ãƒˆ	0.5	/d/kyoto_yahoo	/r/IsA
/c/ja/ã‚³ãƒ³ãƒ†ã‚¹ãƒˆ	/c/ja/ã‚³ãƒ³ãƒšãƒ†ã‚£ã‚·ãƒ§ãƒ³	0.5	/d/kyoto_yahoo	/r/IsA
/c/ja/ã‚³ãƒ³ãƒ†ã‚¹ãƒˆ	/c/ja/å‚¬ã—	1.0	/d/kyoto_yahoo	/r/IsA
/c/ja/ã‚³ãƒ³ãƒ†ã‚¹ãƒˆ	/c/ja/å‚¬ã—ç‰©	1.0	/d/kyoto_yahoo	/r/IsA
/c/ja/ã‚¹ãƒšãƒªãƒ³ã‚°ã‚³ãƒ³ãƒ†ã‚¹ãƒˆ	/c/ja/ã‚³ãƒ³ãƒ†ã‚¹ãƒˆ	0.5	/d/kyoto_yahoo	/r/IsA
/c/ja/ãƒ†ã‚¹ãƒˆ	/c/ja/å®Ÿé¨“	1.0	/d/kyoto_yahoo	/r/IsA
/c/ja/ãƒ†ã‚¹ãƒˆ	/c/ja/æœ¬ç•ª	0.5	/d/kyoto_yahoo	/r/IsA
/c/ja/ãƒ†ã‚¹ãƒˆ	/c/ja/è©¦ã¿	0.5	/d/kyoto_yahoo	/r/IsA
/c/ja/ãƒ†ã‚¹ãƒˆ	/c/ja/è©¦é¨“	0.5	/d/kyoto_yahoo	/r/IsA
/c/ja/ãƒ†ã‚¹ãƒˆ	/c/ja/èª¿æŸ»	0.5	/d/kyoto_yahoo	/r/IsA
/c/ja/ãƒãƒ—ãƒ†ã‚¹ãƒˆ	/c/ja/ãƒ—ãƒ­ãƒ†ã‚¹ã‚¿ãƒ³ãƒˆ	0.5	/d/kyoto_yahoo	/r/IsA
/c/ja/ãƒ•ã‚£ãƒƒãƒ†ã‚£ãƒ³ã‚°	/c/ja/ãƒ†ã‚¹ãƒˆ	0.5	/d/kyoto_yahoo	/r/IsA
/c/ja/ãƒ•ã‚£ãƒ¼ãƒ«ãƒ‰_ãƒ†ã‚¹ãƒˆ	/c/ja/ãƒ†ã‚¹ãƒˆ	0.5	/d/kyoto_yahoo	/r/IsA
/c/ja/ãƒ•ã‚£ãƒ¼ãƒ«ãƒ‰_ãƒ†ã‚¹ãƒˆ	/c/ja/å®Ÿé¨“	1.0	/d/kyoto_yahoo	/r/IsA
/c/ja/ãƒ•ã‚£ãƒ¼ãƒ«ãƒ‰_ãƒ†ã‚¹ãƒˆ	/c/ja/è©¦é¨“	0.5	/d/kyoto_yahoo	/r/IsA
/c/ja/ãƒ•ãƒ­ãƒ¼ãƒ†ã‚£ãƒ³ã‚°	/c/ja/ãƒ†ã‚¹ãƒˆ	0.5	/d/kyoto_yahoo	/r/IsA
/c/ja/ãƒ™ãƒ¼ã‚¿ãƒ†ã‚¹ãƒˆ	/c/ja/ãƒ†ã‚¹ãƒˆ	1.0	/d/kyoto_yahoo	/r/IsA
/c/ja/ãƒ™ãƒ¼ã‚¿ãƒ†ã‚¹ãƒˆ	/c/ja/è©¦ç”¨	0.5	/d/kyoto_yahoo	/r/IsA
/c/ja/ãƒ™ãƒ¼ã‚¿ãƒ†ã‚¹ãƒˆ	/c/ja/è©¦é¨“	0.5	/d/kyoto_yahoo	/r/IsA
/c/ja/ãƒ¡ãƒ³ã‚¿ãƒ«ãƒ†ã‚¹ãƒˆ	/c/ja/ãƒ†ã‚¹ãƒˆ	1.0	/d/kyoto_yahoo	/r/IsA
/c/ja/ãƒ­ãƒ¼ãƒ‰ãƒ†ã‚¹ãƒˆ	/c/ja/ãƒ†ã‚¹ãƒˆ	2.0	/d/kyoto_yahoo	/r/IsA
/c/ja/ãƒ­ãƒ¼ãƒ«ã‚·ãƒ£ãƒƒãƒãƒ†ã‚¹ãƒˆ	/c/ja/æŠ•å½±æ³•	0.5	/d/kyoto_yahoo	/r/IsA
/c/ja/ä¸­é–“è©¦é¨“	/c/ja/ãƒ†ã‚¹ãƒˆ	2.0	/d/kyoto_yahoo	/r/IsA
/c/ja/äººæ°—æŠ•ç¥¨	/c/ja/ã‚³ãƒ³ãƒ†ã‚¹ãƒˆ	0.5	/d/kyoto_yahoo	/r/IsA
/c/ja/å…¥å­¦è©¦é¨“	/c/ja/ãƒ†ã‚¹ãƒˆ	0.5	/d/kyoto_yahoo	/r/IsA
/c/ja/å…¥è©¦	/c/ja/ãƒ†ã‚¹ãƒˆ	0.5	/d/kyoto_yahoo	/r/IsA
/c/ja/å£è¿°è©¦é¨“	/c/ja/ãƒ†ã‚¹ãƒˆ	2.0	/d/kyoto_yahoo	/r/IsA
/c/ja/å¸æ³•è©¦é¨“	/c/ja/ãƒ†ã‚¹ãƒˆ	1.0	/d/kyoto_yahoo	/r/IsA
/c/ja/å¤§ä¼š	/c/ja/ã‚³ãƒ³ãƒ†ã‚¹ãƒˆ	0.5	/d/kyoto_yahoo	/r/IsA
/c/ja/å°_ãƒ†ã‚¹ãƒˆ	/c/ja/ãƒ†ã‚¹ãƒˆ	1.0	/d/kyoto_yahoo	/r/IsA
/c/ja/æ€§æ ¼æ¤œæŸ»	/c/ja/ãƒ†ã‚¹ãƒˆ	0.5	/d/kyoto_yahoo	/r/IsA
/c/ja/æŠœãæ‰“ã¡_ãƒ†ã‚¹ãƒˆ	/c/ja/å°_ãƒ†ã‚¹ãƒˆ	0.5	/d/kyoto_yahoo	/r/IsA
/c/ja/æœŸæœ«è©¦é¨“	/c/ja/ãƒ†ã‚¹ãƒˆ	2.0	/d/kyoto_yahoo	/r/IsA
/c/ja/æœ¬è©¦é¨“	/c/ja/ãƒ†ã‚¹ãƒˆ	2.0	/d/kyoto_yahoo	/r/IsA
/c/ja/æ¤œå®š	/c/ja/ãƒ†ã‚¹ãƒˆ	1.0	/d/kyoto_yahoo	/r/IsA
/c/ja/æ¤œæŸ»	/c/ja/ãƒ†ã‚¹ãƒˆ	2.0	/d/kyoto_yahoo	/r/IsA
/c/ja/æ¯”è¼ƒ	/c/ja/ãƒ†ã‚¹ãƒˆ	0.5	/d/kyoto_yahoo	/r/IsA
/c/ja/æ²»é¨“	/c/ja/ãƒ†ã‚¹ãƒˆ	1.0	/d/kyoto_yahoo	/r/IsA
/c/ja/çœ¼åº•æ¤œæŸ»	/c/ja/ãƒ†ã‚¹ãƒˆ	0.5	/d/kyoto_yahoo	/r/IsA
/c/ja/çŸ¥èƒ½_ãƒ†ã‚¹ãƒˆ	/c/ja/ãƒ†ã‚¹ãƒˆ	1.0	/d/kyoto_yahoo	/r/IsA
/c/ja/çŸ¥èƒ½_ãƒ†ã‚¹ãƒˆ	/c/ja/æ¤œæŸ»	0.5	/d/kyoto_yahoo	/r/IsA
/c/ja/è€ƒæŸ»	/c/ja/ãƒ†ã‚¹ãƒˆ	0.5	/d/kyoto_yahoo	/r/IsA
/c/ja/è©¦é¨“	/c/ja/ãƒ†ã‚¹ãƒˆ	1.0	/d/kyoto_yahoo	/r/IsA
/c/ja/éƒ¨åˆ†è©¦é¨“	/c/ja/ãƒ†ã‚¹ãƒˆ	2.0	/d/kyoto_yahoo	/r/IsA
/c/cs/test/n	/c/en/test	1.0	/d/wiktionary/en	/r/RelatedTo
/c/cs/test/n	/c/cs/test	1.0	/d/wiktionary/fr	/r/SenseOf
/c/cs/test/n	/c/fr/test	1.0	/d/wiktionary/fr	/r/RelatedTo
/c/en/bar	/c/en/test	0.32200000000000006	/d/verbosity	/r/RelatedTo
/c/en/education_in_united_states	/c/en/test/n/wp/assessment	0.5	/d/dbpedia/en	/r/RelatedTo
/c/en/examination	/c/en/test	0.5540000000000003	/d/verbosity	/r/RelatedTo
/c/en/experiment	/c/en/test	1.206	/d/verbosity	/r/RelatedTo
/c/en/question	/c/en/test	0.8140000000000001	/d/verbosity	/r/RelatedTo
/c/en/test	/c/en/academic	0.2650000000000001	/d/verbosity	/r/RelatedTo
/c/en/test	/c/en/academic_measure	0.2650000000000001	/d/verbosity	/r/RelatedTo
/c/en/test	/c/en/assessment	0.10899999999999999	/d/verbosity	/r/RelatedTo
/c/en/test	/c/en/challenge	0.31800000000000006	/d/verbosity	/r/RelatedTo
/c/en/test	/c/en/class	0.33999999999999986	/d/verbosity	/r/RelatedTo
/c/en/test	/c/en/classroom	0.5840000000000001	/d/verbosity	/r/RelatedTo
/c/en/test	/c/en/control	0.2120000000000002	/d/verbosity	/r/RelatedTo
/c/en/test	/c/en/finals	0.28000000000000025	/d/verbosity	/r/RelatedTo
/c/en/test	/c/en/grade	0.5620000000000003	/d/verbosity	/r/RelatedTo
/c/en/test	/c/en/measure	0.2650000000000001	/d/verbosity	/r/RelatedTo
/c/en/test	/c/en/paper	0.6160000000000001	/d/verbosity	/r/RelatedTo
/c/en/test	/c/en/pop	0.2959999999999998	/d/verbosity	/r/RelatedTo
/c/en/test	/c/en/quiz	3.4617914437470088	/d/verbosity	/r/RelatedTo
/c/en/test	/c/en/result	0.2560000000000002	/d/verbosity	/r/RelatedTo
/c/en/test	/c/en/school	0.806	/d/verbosity	/r/RelatedTo
/c/en/test	/c/en/student	0.42600000000000016	/d/verbosity	/r/RelatedTo
/c/en/test	/c/en/trial	0.2999999999999998	/d/verbosity	/r/RelatedTo
/c/en/test/n	/c/fr/coupelle	1.0	/d/wiktionary/fr	/r/RelatedTo
/c/en/test/n	/c/fr/essai	1.0	/d/wiktionary/fr	/r/RelatedTo
/c/en/test/n	/c/fr/examen	1.0	/d/wiktionary/fr	/r/RelatedTo
/c/en/test/n	/c/fr/jugement	1.0	/d/wiktionary/fr	/r/RelatedTo
/c/en/test/n	/c/fr/match	1.0	/d/wiktionary/fr	/r/RelatedTo
/c/en/test/n	/c/fr/test	1.0	/d/wiktionary/fr	/r/RelatedTo
/c/en/test/n	/c/fr/Ã©preuve	1.0	/d/wiktionary/fr	/r/RelatedTo
/c/en/test/n/wikt/en_1	/c/en/calciferous	1.0	/d/wiktionary/en	/r/RelatedTo
/c/en/test/n/wikt/en_1	/c/en/cupel	1.0	/d/wiktionary/en	/r/RelatedTo
/c/en/test/n/wikt/en_1	/c/en/durability	1.0	/d/wiktionary/en	/r/RelatedTo
/c/en/test/n/wikt/en_1	/c/en/echinoderm	1.0	/d/wiktionary/en	/r/RelatedTo
/c/en/test/n/wikt/en_1	/c/en/endoskeleton	1.0	/d/wiktionary/en	/r/RelatedTo
/c/en/test/n/wikt/en_1	/c/en/evaluate	1.0	/d/wiktionary/en	/r/RelatedTo
/c/en/test/n/wikt/en_1	/c/en/examination	1.0	/d/wiktionary/en	/r/RelatedTo
/c/en/test/n/wikt/en_1	/c/en/examine	1.0	/d/wiktionary/en	/r/RelatedTo
/c/en/test/n/wikt/en_1	/c/en/sand_dollar	1.0	/d/wiktionary/en	/r/RelatedTo
/c/en/test/n/wikt/en_1	/c/en/sea_urchin	1.0	/d/wiktionary/en	/r/RelatedTo
/c/en/test/n/wikt/en_1	/c/en/seed_coat	1.0	/d/wiktionary/en	/r/RelatedTo
/c/en/test/n/wikt/en_1	/c/en/session	1.0	/d/wiktionary/en	/r/RelatedTo
/c/en/test/n/wikt/en_1	/c/en/term	1.0	/d/wiktionary/en	/r/RelatedTo
/c/en/test/n/wikt/en_1	/c/en/test_match	1.0	/d/wiktionary/en	/r/RelatedTo
/c/en/test/n/wikt/en_1	/c/en/testa	1.0	/d/wiktionary/en	/r/RelatedTo
/c/en/test/n/wikt/en_1	/c/en/trial	1.0	/d/wiktionary/en	/r/RelatedTo
/c/en/test/n/wikt/en_2	/c/en/witness	1.0	/d/wiktionary/en	/r/RelatedTo
/c/en/test/v	/c/en/test	1.0	/d/wiktionary/fr	/r/SenseOf
/c/en/test/v	/c/fr/tester	1.0	/d/wiktionary/fr	/r/RelatedTo
/c/en/test/v	/c/fr/tÃ¢ter	1.0	/d/wiktionary/fr	/r/RelatedTo
/c/en/test/v/wikt/en_1	/c/en/cupel	1.0	/d/wiktionary/en	/r/RelatedTo
/c/en/test/v/wikt/en_1	/c/en/cupellation	1.0	/d/wiktionary/en	/r/RelatedTo
/c/en/test/v/wikt/en_1	/c/en/reagent	1.0	/d/wiktionary/en	/r/RelatedTo
/c/en/test/v/wikt/en_1	/c/en/refine	1.0	/d/wiktionary/en	/r/RelatedTo
/c/en/test/v/wikt/en_2	/c/en/attest	1.0	/d/wiktionary/en	/r/RelatedTo
/c/en/test/v/wikt/en_2	/c/en/contest	1.0	/d/wiktionary/en	/r/RelatedTo
/c/en/test/v/wikt/en_2	/c/en/detest	1.0	/d/wiktionary/en	/r/RelatedTo
/c/en/test/v/wikt/en_2	/c/en/protest	1.0	/d/wiktionary/en	/r/RelatedTo
/c/en/test/v/wikt/en_2	/c/en/testament	1.0	/d/wiktionary/en	/r/RelatedTo
/c/en/test/v/wikt/en_2	/c/en/will	1.0	/d/wiktionary/en	/r/RelatedTo
/c/es/test/n	/c/es/test	1.0	/d/wiktionary/en	/r/SenseOf
/c/es/test/n	/c/en/test	1.0	/d/wiktionary/en	/r/RelatedTo
/c/fr/test/n/wikt/en_1	/c/en/test	1.0	/d/wiktionary/en	/r/RelatedTo
/c/fr/test/n/wikt/fr_1	/c/fr/test	1.0	/d/wiktionary/fr	/r/SenseOf
/c/fr/test/n/wikt/fr_1	/c/fr/calcaire	1.0	/d/wiktionary/fr	/r/RelatedTo
/c/fr/test/n/wikt/fr_1	/c/fr/chitineux	1.0	/d/wiktionary/fr	/r/RelatedTo
/c/fr/test/n/wikt/fr_1	/c/fr/coquille	1.0	/d/wiktionary/fr	/r/RelatedTo
/c/fr/test/n/wikt/fr_1	/c/fr/dur	1.0	/d/wiktionary/fr	/r/RelatedTo
/c/fr/test/n/wikt/fr_1	/c/fr/externe	1.0	/d/wiktionary/fr	/r/RelatedTo
/c/fr/test/n/wikt/fr_1	/c/fr/invertÃ©brÃ©	1.0	/d/wiktionary/fr	/r/RelatedTo
/c/fr/test/n/wikt/fr_2	/c/fr/capacitÃ©	1.0	/d/wiktionary/fr	/r/RelatedTo
/c/fr/test/n/wikt/fr_2	/c/fr/concours	1.0	/d/wiktionary/fr	/r/RelatedTo
/c/fr/test/n/wikt/fr_2	/c/fr/essai	1.0	/d/wiktionary/fr	/r/RelatedTo
/c/fr/test/n/wikt/fr_2	/c/fr/examen	1.0	/d/wiktionary/fr	/r/RelatedTo
/c/fr/test/n/wikt/fr_2	/c/fr/fait	1.0	/d/wiktionary/fr	/r/RelatedTo
/c/fr/test/n/wikt/fr_2	/c/fr/hypothÃ¨se	1.0	/d/wiktionary/fr	/r/RelatedTo
/c/fr/test/n/wikt/fr_2	/c/fr/opÃ©ration	1.0	/d/wiktionary/fr	/r/RelatedTo
/c/fr/test/n/wikt/fr_2	/c/fr/produit	1.0	/d/wiktionary/fr	/r/RelatedTo
/c/fr/test/n/wikt/fr_2	/c/fr/vÃ©racitÃ©	1.0	/d/wiktionary/fr	/r/RelatedTo
/c/fr/test/n/wikt/fr_2	/c/fr/vÃ©rification	1.0	/d/wiktionary/fr	/r/RelatedTo
/c/fr/test/n/wikt/fr_2	/c/fr/vÃ©rifier	1.0	/d/wiktionary/fr	/r/RelatedTo
/c/fr/test/n/wikt/fr_2	/c/fr/Ã©preuve	1.0	/d/wiktionary/fr	/r/RelatedTo
/c/fr/test/n/wikt/fr_2	/c/fr/Ã©valuation	1.0	/d/wiktionary/fr	/r/RelatedTo
/c/fr/test/v/wikt/fr_1	/c/fr/tester	1.0	/d/wiktionary/fr	/r/RelatedTo
/c/fro/test/n	/c/fro/test	1.0	/d/wiktionary/fr	/r/SenseOf
/c/fro/test/n	/c/fr/pot	1.0	/d/wiktionary/fr	/r/RelatedTo
/c/it/test/n	/c/it/test	1.0	/d/wiktionary/en	/r/SenseOf
/c/it/test/n	/c/en/test	1.0	/d/wiktionary/en	/r/RelatedTo
/c/ja/ãƒ“ã‚¢ãƒ›ãƒ¼ãƒ«	/c/ja/æšã’ç‰©	1.0	/d/conceptnet/4/ja	/r/RelatedTo
/c/nl/test/n	/c/nl/test	1.0	/d/wiktionary/en	/r/SenseOf
/c/nl/test/n	/c/en/test	1.0	/d/wiktionary/en	/r/RelatedTo
/c/nl/test/n	/c/nl/test	1.0	/d/wiktionary/fr	/r/SenseOf
/c/nl/test/n	/c/fr/essai	1.0	/d/wiktionary/fr	/r/RelatedTo
/c/no/test/n	/c/no/test	1.0	/d/wiktionary/en	/r/SenseOf
/c/no/test/n	/c/en/test	1.0	/d/wiktionary/en	/r/RelatedTo
/c/no/test/n	/c/no/teste	1.0	/d/wiktionary/en	/r/RelatedTo
/c/pl/test/n	/c/pl/test	1.0	/d/wiktionary/en	/r/SenseOf
/c/pl/test/n	/c/en/test	1.0	/d/wiktionary/en	/r/RelatedTo
/c/sh/test/n	/c/sh/test	1.0	/d/wiktionary/en	/r/SenseOf
/c/sh/test/n	/c/en/test	1.0	/d/wiktionary/en	/r/RelatedTo
/c/sv/test/n	/c/sv/test	1.0	/d/wiktionary/en	/r/SenseOf
/c/sv/test/n	/c/en/examination	1.0	/d/wiktionary/en	/r/RelatedTo
/c/sv/test/n	/c/en/test	1.0	/d/wiktionary/en	/r/RelatedTo
/c/sv/test/n	/c/en/trial	1.0	/d/wiktionary/en	/r/RelatedTo
/c/sv/test/n	/c/sv/betatest	1.0	/d/wiktionary/en	/r/RelatedTo
/c/sv/test/n	/c/sv/experiment	1.0	/d/wiktionary/en	/r/RelatedTo
/c/sv/test/n	/c/sv/hÃ¥rtest	1.0	/d/wiktionary/en	/r/RelatedTo
/c/sv/test/n	/c/sv/testa	1.0	/d/wiktionary/en	/r/RelatedTo
/c/sv/test/n/wikt/fr_1	/c/sv/test	1.0	/d/wiktionary/fr	/r/SenseOf
/c/sv/test/n/wikt/fr_1	/c/fr/coupelle	1.0	/d/wiktionary/fr	/r/RelatedTo
/c/sv/test/n/wikt/fr_1	/c/fr/test	1.0	/d/wiktionary/fr	/r/RelatedTo
/c/sv/test/n/wikt/fr_1	/c/fr/Ã©preuve	1.0	/d/wiktionary/fr	/r/RelatedTo
/c/tr/test/n	/c/tr/test	1.0	/d/wiktionary/en	/r/SenseOf
/c/tr/test/n	/c/en/test	1.0	/d/wiktionary/en	/r/RelatedTo
/c/mul/â™€	/c/en/female_sign	1.0	/d/emoji	/r/SymbolOf
/c/mul/â™€	/c/en/woman	1.0	/d/emoji	/r/SymbolOf
/c/mul/â™‚	/c/en/male_sign	1.0	/d/emoji	/r/SymbolOf
/c/mul/â™‚	/c/en/man	1.0	/d/emoji	/r/SymbolOf
/c/mul/âš•	/c/en/aesculapius	1.0	/d/emoji	/r/SymbolOf
/c/mul/âš•	/c/en/medical_symbol	1.0	/d/emoji	/r/SymbolOf
/c/mul/âš•	/c/en/medicine	1.0	/d/emoji	/r/SymbolOf
/c/mul/âš•	/c/en/staff	1.0	/d/emoji	/r/SymbolOf
/c/mul/âœˆ	/c/en/aeroplane	1.0	/d/emoji	/r/SymbolOf
/c/mul/ğŸ†	/c/en/aubergine	1.0	/d/emoji	/r/SymbolOf
/c/mul/ğŸ…	/c/en/father_christmas	1.0	/d/emoji	/r/SymbolOf
/c/mul/ğŸ•º	/c/en/dance	1.0	/d/emoji	/r/SymbolOf
/c/mul/ğŸ•º	/c/en/man	1.0	/d/emoji	/r/SymbolOf
/c/mul/ğŸ•º	/c/en/man_dancing	1.0	/d/emoji	/r/SymbolOf
/c/mul/ğŸ–¤	/c/en/black	1.0	/d/emoji	/r/SymbolOf
/c/mul/ğŸ–¤	/c/en/black_heart	1.0	/d/emoji	/r/SymbolOf
/c/mul/ğŸ–¤	/c/en/evil	1.0	/d/emoji	/r/SymbolOf
/c/mul/ğŸ–¤	/c/en/wicked	1.0	/d/emoji	/r/SymbolOf
/c/mul/ğŸš 	/c/en/mountain_cable_car	1.0	/d/emoji	/r/SymbolOf
/c/mul/ğŸš¡	/c/en/gondola	1.0	/d/emoji	/r/SymbolOf
/c/mul/ğŸ›	/c/en/hotel_call_bell	1.0	/d/emoji	/r/SymbolOf
/c/mul/ğŸ›©	/c/en/small_aeroplane	1.0	/d/emoji	/r/SymbolOf
/c/mul/ğŸ›«	/c/en/aeroplane_departure	1.0	/d/emoji	/r/SymbolOf
/c/mul/ğŸ›¬	/c/en/aeroplane_arrival	1.0	/d/emoji	/r/SymbolOf
/c/mul/ğŸ¤¶	/c/en/mother_christmas	1.0	/d/emoji	/r/SymbolOf
/c/ar/Ø§Ù„ØªØ¹Ù„ÙŠÙ…_ÙÙŠ_Ø§Ù„ÙˆÙ„Ø§ÙŠØ§Øª_Ø§Ù„Ù…ØªØ­Ø¯Ø©	/c/en/education_in_united_states	0.5	/d/dbpedia/en	/r/Synonym
/c/ar/ØªØ¬Ø±Ø¨Ø©/n/wn/act	/c/ar/ØªØ¬Ø±Ø¨Ø©	1.0	/d/wordnet/3.1	/r/SenseOf
/c/ar/ØªØ¬Ø±Ø¨Ø©/n/wn/act	/c/en/test/n/wn/act	2.0	/d/wordnet/3.1	/r/Synonym
/c/ar/ÙØ­Øµ/n/wn/act	/c/ar/ÙØ­Øµ	1.0	/d/wordnet/3.1	/r/SenseOf
/c/ar/ÙØ­Øµ/n/wn/act	/c/en/test/n/wn/act	2.0	/d/wordnet/3.1	/r/Synonym
/c/az/abÅŸ_da_tÉ™hsil_sistemi	/c/en/education_in_united_states	0.5	/d/dbpedia/en	/r/Synonym
/c/ca/assaig/n/wn/act	/c/ca/assaig	1.0	/d/wordnet/3.1	/r/SenseOf
/c/ca/assaig/n/wn/act	/c/en/test/n/wn/act	2.0	/d/wordnet/3.1	/r/Synonym
/c/ca/prova/n/wn/act	/c/ca/prova	1.0	/d/wordnet/3.1	/r/SenseOf
/c/ca/prova/n/wn/act	/c/en/test/n/wn/act	2.0	/d/wordnet/3.1	/r/Synonym
/c/ca/provatura/n/wn/act	/c/ca/provatura	1.0	/d/wordnet/3.1	/r/SenseOf
/c/ca/provatura/n/wn/act	/c/en/test/n/wn/act	2.0	/d/wordnet/3.1	/r/Synonym
/c/ca/test/n	/c/es/cacharro	1.0	/d/wiktionary/de	/r/Synonym
/c/ca/test/n	/c/es/vasija	1.0	/d/wiktionary/de	/r/Synonym
/c/cs/test/n	/c/cs/testovÃ¡nÃ­	1.0	/d/wiktionary/fr	/r/Synonym
/c/cs/Å¡kolstvÃ­_ve_spojenÃ½ch_stÃ¡tech_americkÃ½ch	/c/en/education_in_united_states	0.5	/d/dbpedia/en	/r/Synonym
/c/da/eksamen/n/wp/uddannelse	/c/da/eksamen	1.0	/d/dbpedia/en	/r/SenseOf
/c/da/eksamen/n/wp/uddannelse	/c/en/test/n/wp/assessment	0.5	/d/dbpedia/en	/r/Synonym
/c/da/test/n/wn/act	/c/da/test	1.0	/d/wordnet/3.1	/r/SenseOf
/c/da/test/n/wn/act	/c/en/test/n/wn/act	2.0	/d/wordnet/3.1	/r/Synonym
/c/de/bildungssystem_in_den_vereinigten_staaten	/c/en/education_in_united_states	0.5	/d/dbpedia/en	/r/Synonym
/c/de/klassenarbeit	/c/en/test/n/wp/assessment	0.5	/d/dbpedia/en	/r/Synonym
/c/en/education_in_united_states	/c/en/education_in_united_states	0.5	/d/dbpedia/en	/r/Synonym
/c/en/run/n/wn/act	/c/en/run	1.0	/d/wordnet/3.1	/r/SenseOf
/c/en/run/n/wn/act	/c/en/test/n/wn/act	2.0	/d/wordnet/3.1	/r/Synonym
/c/en/test/n	/c/en/challenge	1.0	/d/wiktionary/fr	/r/Synonym
/c/en/test/n	/c/en/examination	1.0	/d/wiktionary/fr	/r/Synonym
/c/en/test/n	/c/en/quiz	1.0	/d/wiktionary/fr	/r/Synonym
/c/en/test/n	/c/en/trial	1.0	/d/wiktionary/fr	/r/Synonym
/c/en/test/n/wikt/en_1	/c/ar/Ø§Ø®ØªØ¨Ø§Ø±	1.0	/d/wiktionary/en	/r/Synonym
/c/en/test/n/wikt/en_1	/c/ast/prueba	1.0	/d/wiktionary/en	/r/Synonym
/c/en/test/n/wikt/en_1	/c/cs/test	1.0	/d/wiktionary/en	/r/Synonym
/c/en/test/n/wikt/en_1	/c/cs/zkouÅ¡ka	1.0	/d/wiktionary/en	/r/Synonym
/c/en/test/n/wikt/en_1	/c/de/probe	1.0	/d/wiktionary/en	/r/Synonym
/c/en/test/n/wikt/en_1	/c/el/Î´Î¿ÎºÎ¹Î¼Î±ÏƒÎ¹Î±	1.0	/d/wiktionary/en	/r/Synonym
/c/en/test/n/wikt/en_1	/c/el/Î´Î¿ÎºÎ¹Î¼Î·	1.0	/d/wiktionary/en	/r/Synonym
/c/en/test/n/wikt/en_1	/c/en/challenge	1.0	/d/wiktionary/en	/r/Synonym
/c/en/test/n/wikt/en_1	/c/en/examination	1.0	/d/wiktionary/en	/r/Synonym
/c/en/test/n/wikt/en_1	/c/en/quiz	1.0	/d/wiktionary/en	/r/Synonym
/c/en/test/n/wikt/en_1	/c/en/trial	1.0	/d/wiktionary/en	/r/Synonym
/c/en/test/n/wikt/en_1	/c/es/prueba	1.0	/d/wiktionary/en	/r/Synonym
/c/en/test/n/wikt/en_1	/c/fa/Ø§Ø²Ù…Ø§ÛŒØ´	1.0	/d/wiktionary/en	/r/Synonym
/c/en/test/n/wikt/en_1	/c/fi/koe	1.0	/d/wiktionary/en	/r/Synonym
/c/en/test/n/wikt/en_1	/c/fi/koetus	1.0	/d/wiktionary/en	/r/Synonym
/c/en/test/n/wikt/en_1	/c/fr/Ã©preuve	1.0	/d/wiktionary/en	/r/Synonym
/c/en/test/n/wikt/en_1	/c/gd/dearbhadh	1.0	/d/wiktionary/en	/r/Synonym
/c/en/test/n/wikt/en_1	/c/gd/feuchainn	1.0	/d/wiktionary/en	/r/Synonym
/c/en/test/n/wikt/en_1	/c/he/××‘×—×Ÿ	1.0	/d/wiktionary/en	/r/Synonym
/c/en/test/n/wikt/en_1	/c/hi/à¤šà¥à¤¨à¥Œà¤¤à¥€	1.0	/d/wiktionary/en	/r/Synonym
/c/en/test/n/wikt/en_1	/c/hu/prÃ³ba	1.0	/d/wiktionary/en	/r/Synonym
/c/en/test/n/wikt/en_1	/c/it/prova	1.0	/d/wiktionary/en	/r/Synonym
/c/en/test/n/wikt/en_1	/c/it/verifica	1.0	/d/wiktionary/en	/r/Synonym
/c/en/test/n/wikt/en_1	/c/ja/å®Ÿé¨“	1.0	/d/wiktionary/en	/r/Synonym
/c/en/test/n/wikt/en_1	/c/ja/è©¦ç·´	1.0	/d/wiktionary/en	/r/Synonym
/c/en/test/n/wikt/en_1	/c/ko/ê²€ì‚¬	1.0	/d/wiktionary/en	/r/Synonym
/c/en/test/n/wikt/en_1	/c/nl/proef	1.0	/d/wiktionary/en	/r/Synonym
/c/en/test/n/wikt/en_1	/c/nl/test	1.0	/d/wiktionary/en	/r/Synonym
/c/en/test/n/wikt/en_1	/c/pt/prova	1.0	/d/wiktionary/en	/r/Synonym
/c/en/test/n/wikt/en_1	/c/pt/teste	1.0	/d/wiktionary/en	/r/Synonym
/c/en/test/n/wikt/en_1	/c/ro/probÄƒ	1.0	/d/wiktionary/en	/r/Synonym
/c/en/test/n/wikt/en_1	/c/ru/Ğ¸ÑĞ¿Ñ‹Ñ‚Ğ°Ğ½Ğ¸Ğµ	1.0	/d/wiktionary/en	/r/Synonym
/c/en/test/n/wikt/en_1	/c/ru/Ğ¿Ñ€Ğ¾Ğ±Ğ°	1.0	/d/wiktionary/en	/r/Synonym
/c/en/test/n/wikt/en_1	/c/ru/Ñ‚ĞµÑÑ‚	1.0	/d/wiktionary/en	/r/Synonym
/c/en/test/n/wikt/en_1	/c/sh/test	2.0	/d/wiktionary/en	/r/Synonym
/c/en/test/n/wikt/en_1	/c/sl/preizkus	1.0	/d/wiktionary/en	/r/Synonym
/c/en/test/n/wikt/en_1	/c/sl/preizkuÅ¡nja	1.0	/d/wiktionary/en	/r/Synonym
/c/en/test/n/wikt/en_1	/c/sq/prova	1.0	/d/wiktionary/en	/r/Synonym
/c/en/test/n/wikt/en_1	/c/sq/provÃ«	1.0	/d/wiktionary/en	/r/Synonym
/c/en/test/n/wikt/en_1	/c/sv/prov	1.0	/d/wiktionary/en	/r/Synonym
/c/en/test/n/wikt/en_1	/c/sv/prÃ¶vning	1.0	/d/wiktionary/en	/r/Synonym
/c/en/test/n/wikt/en_1	/c/sw/jaribio	1.0	/d/wiktionary/en	/r/Synonym
/c/en/test/n/wikt/en_1	/c/tr/deneme	1.0	/d/wiktionary/en	/r/Synonym
/c/en/test/n/wikt/en_1	/c/tr/test	1.0	/d/wiktionary/en	/r/Synonym
/c/en/test/n/wikt/en_1	/c/zh/è©¦é©—	1.0	/d/wiktionary/en	/r/Synonym
/c/en/test/n/wikt/en_1	/c/zh/è¯•éªŒ	1.0	/d/wiktionary/en	/r/Synonym
/c/en/test/n/wp/assessment	/c/en/test/n/wp/assessment	0.5	/d/dbpedia/en	/r/Synonym
/c/en/trial/n/wn/act	/c/en/trial	1.0	/d/wordnet/3.1	/r/SenseOf
/c/en/trial/n/wn/act	/c/en/test/n/wn/act	2.0	/d/wordnet/3.1	/r/Synonym
/c/es/ensayo/n/wn/act	/c/es/ensayo	1.0	/d/wordnet/3.1	/r/SenseOf
/c/es/ensayo/n/wn/act	/c/en/test/n/wn/act	2.0	/d/wordnet/3.1	/r/Synonym
/c/es/examen/n/wp/evaluaciÃ³n_estudiantil	/c/es/examen	1.0	/d/dbpedia/en	/r/SenseOf
/c/es/examen/n/wp/evaluaciÃ³n_estudiantil	/c/en/test/n/wp/assessment	0.5	/d/dbpedia/en	/r/Synonym
/c/es/prueba/n/wn/act	/c/es/prueba	1.0	/d/wordnet/3.1	/r/SenseOf
/c/es/prueba/n/wn/act	/c/en/test/n/wn/act	2.0	/d/wordnet/3.1	/r/Synonym
/c/es/sistema_educativo_de_estados_unidos	/c/en/education_in_united_states	0.5	/d/dbpedia/en	/r/Synonym
/c/es/test/n	/c/es/prueba	1.0	/d/wiktionary/en	/r/Synonym
/c/eu/azterketa/n/wp/ebaluazioa	/c/eu/azterketa	1.0	/d/dbpedia/en	/r/SenseOf
/c/eu/azterketa/n/wp/ebaluazioa	/c/en/test/n/wp/assessment	0.5	/d/dbpedia/en	/r/Synonym
/c/eu/entsegu/n/wn/act	/c/eu/entsegu	1.0	/d/wordnet/3.1	/r/SenseOf
/c/eu/entsegu/n/wn/act	/c/en/test/n/wn/act	2.0	/d/wordnet/3.1	/r/Synonym
/c/eu/proba/n/wn/act	/c/eu/proba	1.0	/d/wordnet/3.1	/r/SenseOf
/c/eu/proba/n/wn/act	/c/en/test/n/wn/act	2.0	/d/wordnet/3.1	/r/Synonym
/c/eu/saiakuntza/n/wn/act	/c/eu/saiakuntza	1.0	/d/wordnet/3.1	/r/SenseOf
/c/eu/saiakuntza/n/wn/act	/c/en/test/n/wn/act	2.0	/d/wordnet/3.1	/r/Synonym
/c/fa/Ø¢Ø²Ù…ÙˆÙ†	/c/en/test/n/wp/assessment	0.5	/d/dbpedia/en	/r/Synonym
/c/fa/Ø¢Ù…ÙˆØ²Ø´_Ø¯Ø±_Ø§ÛŒØ§Ù„Ø§Øª_Ù…ØªØ­Ø¯Ù‡_Ø¢Ù…Ø±ÛŒÚ©Ø§	/c/en/education_in_united_states	0.5	/d/dbpedia/en	/r/Synonym
/c/fi/koe/n/wn/act	/c/fi/koe	1.0	/d/wordnet/3.1	/r/SenseOf
/c/fi/koe/n/wn/act	/c/en/test/n/wn/act	2.0	/d/wordnet/3.1	/r/Synonym
/c/fi/tentti	/c/en/test/n/wp/assessment	0.5	/d/dbpedia/en	/r/Synonym
/c/fi/testi/n/wn/act	/c/fi/testi	1.0	/d/wordnet/3.1	/r/SenseOf
/c/fi/testi/n/wn/act	/c/en/test/n/wn/act	2.0	/d/wordnet/3.1	/r/Synonym
/c/fil/pagsusulit	/c/en/test/n/wp/assessment	0.5	/d/dbpedia/en	/r/Synonym
/c/fr/devoir_surveillÃ©	/c/en/test/n/wp/assessment	0.5	/d/dbpedia/en	/r/Synonym
/c/fr/essai/n/wn/act	/c/fr/essai	1.0	/d/wordnet/3.1	/r/SenseOf
/c/fr/essai/n/wn/act	/c/en/test/n/wn/act	2.0	/d/wordnet/3.1	/r/Synonym
/c/fr/systÃ¨me_Ã©ducatif_des_Ã©tats_unis	/c/en/education_in_united_states	0.5	/d/dbpedia/en	/r/Synonym
/c/fr/test/n/wikt/fr_1	/c/fr/carapace	1.0	/d/wiktionary/fr	/r/Synonym
/c/fr/test/n/wikt/fr_1	/c/fr/coque	1.0	/d/wiktionary/fr	/r/Synonym
/c/fr/test/n/wikt/fr_2	/c/ar/Ø§Ø®ØªØ¨Ø§Ø±	1.0	/d/wiktionary/fr	/r/Synonym
/c/fr/test/n/wikt/fr_2	/c/cs/test	1.0	/d/wiktionary/fr	/r/Synonym
/c/fr/test/n/wikt/fr_2	/c/cs/testovÃ¡nÃ­	1.0	/d/wiktionary/fr	/r/Synonym
/c/fr/test/n/wikt/fr_2	/c/de/probe	1.0	/d/wiktionary/fr	/r/Synonym
/c/fr/test/n/wikt/fr_2	/c/de/test	1.0	/d/wiktionary/fr	/r/Synonym
/c/fr/test/n/wikt/fr_2	/c/en/test	1.0	/d/wiktionary/fr	/r/Synonym
/c/fr/test/n/wikt/fr_2	/c/es/prueba	1.0	/d/wiktionary/fr	/r/Synonym
/c/fr/test/n/wikt/fr_2	/c/fa/Ø§Ø²Ù…Ø§ÛŒØ´	1.0	/d/wiktionary/fr	/r/Synonym
/c/fr/test/n/wikt/fr_2	/c/fi/koe	1.0	/d/wiktionary/fr	/r/Synonym
/c/fr/test/n/wikt/fr_2	/c/fr/interrogation	1.0	/d/wiktionary/fr	/r/Synonym
/c/fr/test/n/wikt/fr_2	/c/fr/questionnaire	1.0	/d/wiktionary/fr	/r/Synonym
/c/fr/test/n/wikt/fr_2	/c/hu/prÃ³ba	1.0	/d/wiktionary/fr	/r/Synonym
/c/fr/test/n/wikt/fr_2	/c/it/prova	1.0	/d/wiktionary/fr	/r/Synonym
/c/fr/test/n/wikt/fr_2	/c/it/verifica	1.0	/d/wiktionary/fr	/r/Synonym
/c/fr/test/n/wikt/fr_2	/c/ja/å®Ÿé¨“	1.0	/d/wiktionary/fr	/r/Synonym
/c/fr/test/n/wikt/fr_2	/c/ko/ê²€ì‚¬	1.0	/d/wiktionary/fr	/r/Synonym
/c/fr/test/n/wikt/fr_2	/c/nl/proef	1.0	/d/wiktionary/fr	/r/Synonym
/c/fr/test/n/wikt/fr_2	/c/nl/test	1.0	/d/wiktionary/fr	/r/Synonym
/c/fr/test/n/wikt/fr_2	/c/pt/prova	1.0	/d/wiktionary/fr	/r/Synonym
/c/fr/test/n/wikt/fr_2	/c/pt/teste	1.0	/d/wiktionary/fr	/r/Synonym
/c/fr/test/n/wikt/fr_2	/c/ru/Ğ¿Ñ€Ğ¾Ğ±Ğ°	1.0	/d/wiktionary/fr	/r/Synonym
/c/fr/test/n/wikt/fr_2	/c/ru/Ñ‚ĞµÑÑ‚	1.0	/d/wiktionary/fr	/r/Synonym
/c/fr/test/n/wikt/fr_2	/c/sq/prova	1.0	/d/wiktionary/fr	/r/Synonym
/c/fr/test/n/wikt/fr_2	/c/sq/provÃ«	1.0	/d/wiktionary/fr	/r/Synonym
/c/fr/test/n/wikt/fr_2	/c/sv/prov	1.0	/d/wiktionary/fr	/r/Synonym
/c/fr/test/n/wikt/fr_2	/c/sv/prÃ¶vning	1.0	/d/wiktionary/fr	/r/Synonym
/c/fr/test/n/wikt/fr_2	/c/tr/deneme	1.0	/d/wiktionary/fr	/r/Synonym
/c/fr/test/n/wikt/fr_2	/c/tr/test	1.0	/d/wiktionary/fr	/r/Synonym
/c/fr/test/n/wikt/fr_2	/c/ur/imtehan	1.0	/d/wiktionary/fr	/r/Synonym
/c/fr/test/n/wikt/fr_2	/c/zh/è©¦é©—	1.0	/d/wiktionary/fr	/r/Synonym
/c/fr/test/n/wikt/fr_2	/c/zh/è¯•éªŒ	1.0	/d/wiktionary/fr	/r/Synonym
/c/fr/test/n/wn/act	/c/fr/test	1.0	/d/wordnet/3.1	/r/SenseOf
/c/fr/test/n/wn/act	/c/en/test/n/wn/act	2.0	/d/wordnet/3.1	/r/Synonym
/c/fr/Ã©preuve/n/wn/act	/c/fr/Ã©preuve	1.0	/d/wordnet/3.1	/r/SenseOf
/c/fr/Ã©preuve/n/wn/act	/c/en/test/n/wn/act	2.0	/d/wordnet/3.1	/r/Synonym
/c/he/××‘×—×Ÿ	/c/en/test/n/wp/assessment	0.5	/d/dbpedia/en	/r/Synonym
/c/it/cimento/n/wn/act	/c/it/cimento	1.0	/d/wordnet/3.1	/r/SenseOf
/c/it/cimento/n/wn/act	/c/en/test/n/wn/act	2.0	/d/wordnet/3.1	/r/Synonym
/c/it/compito_in_classe	/c/en/test/n/wp/assessment	0.5	/d/dbpedia/en	/r/Synonym
/c/it/esperimento/n/wn/act	/c/it/esperimento	1.0	/d/wordnet/3.1	/r/SenseOf
/c/it/esperimento/n/wn/act	/c/en/test/n/wn/act	2.0	/d/wordnet/3.1	/r/Synonym
/c/it/istruzione_negli_stati_uniti_d_america	/c/en/education_in_united_states	0.5	/d/dbpedia/en	/r/Synonym
/c/it/test/n	/c/it/test	1.0	/d/wiktionary/de	/r/SenseOf
/c/it/test/n	/c/it/prova	1.0	/d/wiktionary/de	/r/Synonym
/c/it/test/n/wn/act	/c/it/test	1.0	/d/wordnet/3.1	/r/SenseOf
/c/it/test/n/wn/act	/c/en/test/n/wn/act	2.0	/d/wordnet/3.1	/r/Synonym
/c/ja/ã‚¢ãƒ¡ãƒªã‚«åˆè¡†å›½ã®æ•™è‚²	/c/en/education_in_united_states	0.5	/d/dbpedia/en	/r/Synonym
/c/ja/ãƒ†ã‚¹ãƒˆ/n	/c/ja/ãƒ†ã‚¹ãƒˆ	1.0	/d/jmdict	/r/SenseOf
/c/ja/ãƒ†ã‚¹ãƒˆ/n	/c/de/probe	2.0	/d/jmdict	/r/Synonym
/c/ja/ãƒ†ã‚¹ãƒˆ/n	/c/de/prÃ¼fung	2.0	/d/jmdict	/r/Synonym
/c/ja/ãƒ†ã‚¹ãƒˆ/n	/c/de/quiz	2.0	/d/jmdict	/r/Synonym
/c/ja/ãƒ†ã‚¹ãƒˆ/n	/c/de/test	2.0	/d/jmdict	/r/Synonym
/c/ja/ãƒ†ã‚¹ãƒˆ/n	/c/en/test	2.0	/d/jmdict	/r/Synonym
/c/ja/ãƒ†ã‚¹ãƒˆ/n	/c/fr/essai	2.0	/d/jmdict	/r/Synonym
/c/ja/ãƒ†ã‚¹ãƒˆ/n	/c/fr/examen	2.0	/d/jmdict	/r/Synonym
/c/ja/ãƒ†ã‚¹ãƒˆ/n	/c/fr/test	2.0	/d/jmdict	/r/Synonym
/c/ja/ãƒ†ã‚¹ãƒˆ/n	/c/fr/Ã©preuve	2.0	/d/jmdict	/r/Synonym
/c/ja/ãƒ†ã‚¹ãƒˆ/n	/c/nl/auditie	2.0	/d/jmdict	/r/Synonym
/c/ja/ãƒ†ã‚¹ãƒˆ/n	/c/nl/overhoring	2.0	/d/jmdict	/r/Synonym
/c/ja/ãƒ†ã‚¹ãƒˆ/n	/c/nl/proef	2.0	/d/jmdict	/r/Synonym
/c/ja/ãƒ†ã‚¹ãƒˆ/n	/c/nl/proefopvoering	2.0	/d/jmdict	/r/Synonym
/c/ja/ãƒ†ã‚¹ãƒˆ/n	/c/nl/proefwerk	2.0	/d/jmdict	/r/Synonym
/c/ja/ãƒ†ã‚¹ãƒˆ/n	/c/nl/repetitie	2.0	/d/jmdict	/r/Synonym
/c/ja/ãƒ†ã‚¹ãƒˆ/n	/c/nl/test	2.0	/d/jmdict	/r/Synonym
/c/ja/ãƒ†ã‚¹ãƒˆ/n	/c/nl/toets	2.0	/d/jmdict	/r/Synonym
/c/ja/ãƒ†ã‚¹ãƒˆ/n	/c/ru/Ñ‚ĞµÑÑ‚	2.0	/d/jmdict	/r/Synonym
/c/ja/ãƒ†ã‚¹ãƒˆ/n/wn/act	/c/ja/ãƒ†ã‚¹ãƒˆ	1.0	/d/wordnet/3.1	/r/SenseOf
/c/ja/ãƒ†ã‚¹ãƒˆ/n/wn/act	/c/en/test/n/wn/act	2.0	/d/wordnet/3.1	/r/Synonym
/c/ja/ãƒ†ã‚¹ãƒˆä½œæ¥­/n/wn/act	/c/ja/ãƒ†ã‚¹ãƒˆä½œæ¥­	1.0	/d/wordnet/3.1	/r/SenseOf
/c/ja/ãƒ†ã‚¹ãƒˆä½œæ¥­/n/wn/act	/c/en/test/n/wn/act	2.0	/d/wordnet/3.1	/r/Synonym
/c/ja/ãƒˆãƒ©ã‚¤ã‚¢ãƒ«/n/wn/act	/c/ja/ãƒˆãƒ©ã‚¤ã‚¢ãƒ«	1.0	/d/wordnet/3.1	/r/SenseOf
/c/ja/ãƒˆãƒ©ã‚¤ã‚¢ãƒ«/n/wn/act	/c/en/test/n/wn/act	2.0	/d/wordnet/3.1	/r/Synonym
/c/ja/ãƒˆãƒ©ã‚¤ãƒ¤ãƒ«/n/wn/act	/c/ja/ãƒˆãƒ©ã‚¤ãƒ¤ãƒ«	1.0	/d/wordnet/3.1	/r/SenseOf
/c/ja/ãƒˆãƒ©ã‚¤ãƒ¤ãƒ«/n/wn/act	/c/en/test/n/wn/act	2.0	/d/wordnet/3.1	/r/Synonym
/c/ja/ãƒã‚¤ãƒˆ	/c/de/beitel	2.0	/d/jmdict	/r/Synonym
/c/ja/ãƒã‚¤ãƒˆ	/c/de/drehmeissel	2.0	/d/jmdict	/r/Synonym
/c/ja/ãƒã‚¤ãƒˆ	/c/de/stechbeitel	2.0	/d/jmdict	/r/Synonym
/c/ja/ãƒã‚¤ãƒˆ	/c/de/stemmeisen	2.0	/d/jmdict	/r/Synonym
/c/ja/ãƒã‚¤ãƒˆ	/c/en/bit	2.0	/d/jmdict	/r/Synonym
/c/ja/ãƒã‚¤ãƒˆ	/c/en/bite	2.0	/d/jmdict	/r/Synonym
/c/ja/ãƒã‚¤ãƒˆ	/c/en/cutting_tool	2.0	/d/jmdict	/r/Synonym
/c/ja/ãƒã‚¤ãƒˆ	/c/nl/bijbaantje	2.0	/d/jmdict	/r/Synonym
/c/ja/ãƒã‚¤ãƒˆ	/c/nl/deeltijdse_job	2.0	/d/jmdict	/r/Synonym
/c/ja/ãƒã‚¤ãƒˆ	/c/nl/studentenjob	2.0	/d/jmdict	/r/Synonym
/c/ja/ãƒã‚¤ãƒˆ/n/jmdict/1	/c/ja/ãƒã‚¤ãƒˆ	1.0	/d/jmdict	/r/SenseOf
/c/ja/ãƒã‚¤ãƒˆ/n/jmdict/1	/c/de/arbeit	2.0	/d/jmdict	/r/Synonym
/c/ja/ãƒã‚¤ãƒˆ/n/jmdict/1	/c/en/work	2.0	/d/jmdict	/r/Synonym
/c/ja/ãƒã‚¤ãƒˆ/n/jmdict/1	/c/fr/octet	2.0	/d/jmdict	/r/Synonym
/c/ja/ãƒã‚¤ãƒˆ/n/jmdict/1	/c/fr/travail	2.0	/d/jmdict	/r/Synonym
/c/ja/ãƒã‚¤ãƒˆ/n/jmdict/2	/c/en/byte	2.0	/d/jmdict	/r/Synonym
/c/ja/ãƒã‚¤ãƒˆ/n/jmdict/2	/c/en/octet	2.0	/d/jmdict	/r/Synonym
/c/ja/å¸é–‘/a	/c/ja/å¸é–‘	1.0	/d/jmdict	/r/SenseOf
/c/ja/å¸é–‘/a	/c/de/aufrichtig	2.0	/d/jmdict	/r/Synonym
/c/ja/å¸é–‘/a	/c/de/ausdrÃ¼cklich	2.0	/d/jmdict	/r/Synonym
/c/ja/å¸é–‘/a	/c/de/deutlich	2.0	/d/jmdict	/r/Synonym
/c/ja/å¸é–‘/a	/c/de/frisch_von_der_leber_weg	2.0	/d/jmdict	/r/Synonym
/c/ja/å¸é–‘/a	/c/de/klar	2.0	/d/jmdict	/r/Synonym
/c/ja/å¸é–‘/a	/c/de/offen	2.0	/d/jmdict	/r/Synonym
/c/ja/å¸é–‘/a	/c/de/offenherzig	2.0	/d/jmdict	/r/Synonym
/c/ja/å¸é–‘/a	/c/de/unverhohlen	2.0	/d/jmdict	/r/Synonym
/c/ja/å¸é–‘/a	/c/en/blatant	2.0	/d/jmdict	/r/Synonym
/c/ja/å¸é–‘/a	/c/en/candid	2.0	/d/jmdict	/r/Synonym
/c/ja/å¸é–‘/a	/c/en/direct	2.0	/d/jmdict	/r/Synonym
/c/ja/å¸é–‘/a	/c/en/flagrant	2.0	/d/jmdict	/r/Synonym
/c/ja/å¸é–‘/a	/c/en/frank	2.0	/d/jmdict	/r/Synonym
/c/ja/å¸é–‘/a	/c/en/open	2.0	/d/jmdict	/r/Synonym
/c/ja/å¸é–‘/a	/c/en/plain	2.0	/d/jmdict	/r/Synonym
/c/ja/å¸é–‘/a	/c/en/straightforward	2.0	/d/jmdict	/r/Synonym
/c/ja/å¸é–‘/a	/c/en/unabashed	2.0	/d/jmdict	/r/Synonym
/c/ja/å¸é–‘/a	/c/nl/direct	2.0	/d/jmdict	/r/Synonym
/c/ja/å¸é–‘/a	/c/nl/duidelijk	2.0	/d/jmdict	/r/Synonym
/c/ja/å¸é–‘/a	/c/nl/eerlijk	2.0	/d/jmdict	/r/Synonym
/c/ja/å¸é–‘/a	/c/nl/even	2.0	/d/jmdict	/r/Synonym
/c/ja/å¸é–‘/a	/c/nl/expliciet	2.0	/d/jmdict	/r/Synonym
/c/ja/å¸é–‘/a	/c/nl/ineens	2.0	/d/jmdict	/r/Synonym
/c/ja/å¸é–‘/a	/c/nl/kortstondig	2.0	/d/jmdict	/r/Synonym
/c/ja/å¸é–‘/a	/c/nl/ongegeneerd	2.0	/d/jmdict	/r/Synonym
/c/ja/å¸é–‘/a	/c/nl/onomwonden	2.0	/d/jmdict	/r/Synonym
/c/ja/å¸é–‘/a	/c/nl/onverbloemd	2.0	/d/jmdict	/r/Synonym
/c/ja/å¸é–‘/a	/c/nl/onverholen	2.0	/d/jmdict	/r/Synonym
/c/ja/å¸é–‘/a	/c/nl/onverwacht	2.0	/d/jmdict	/r/Synonym
/c/ja/å¸é–‘/a	/c/nl/onverwachts	2.0	/d/jmdict	/r/Synonym
/c/ja/å¸é–‘/a	/c/nl/opeens	2.0	/d/jmdict	/r/Synonym
/c/ja/å¸é–‘/a	/c/nl/openbaar	2.0	/d/jmdict	/r/Synonym
/c/ja/å¸é–‘/a	/c/nl/openlijk	2.0	/d/jmdict	/r/Synonym
/c/ja/å¸é–‘/a	/c/nl/plots	2.0	/d/jmdict	/r/Synonym
/c/ja/å¸é–‘/a	/c/nl/plotseling	2.0	/d/jmdict	/r/Synonym
/c/ja/å¸é–‘/a	/c/nl/tijdelijk	2.0	/d/jmdict	/r/Synonym
/c/ja/å¸é–‘/a	/c/nl/vluchtig	2.0	/d/jmdict	/r/Synonym
/c/ja/å¸é–‘/a	/c/nl/voorlopig	2.0	/d/jmdict	/r/Synonym
/c/ja/æ˜ã‹ã‚“/n	/c/ja/æ˜ã‹ã‚“	1.0	/d/jmdict	/r/SenseOf
/c/ja/æ˜ã‹ã‚“/n	/c/de/blÃ¶d_zwecklos	2.0	/d/jmdict	/r/Synonym
/c/ja/æ˜ã‹ã‚“/n	/c/de/mies	2.0	/d/jmdict	/r/Synonym
/c/ja/æ˜ã‹ã‚“/n	/c/de/schlecht	2.0	/d/jmdict	/r/Synonym
/c/ja/æ˜ã‹ã‚“/n	/c/de/umsonst	2.0	/d/jmdict	/r/Synonym
/c/ja/æ˜ã‹ã‚“/n	/c/de/unmÃ¶glich	2.0	/d/jmdict	/r/Synonym
/c/ja/æ˜ã‹ã‚“/n	/c/de/zu_nichts_nutze	2.0	/d/jmdict	/r/Synonym
/c/ja/æ˜ã‹ã‚“/n	/c/en/hopeless	2.0	/d/jmdict	/r/Synonym
/c/ja/æ˜ã‹ã‚“/n	/c/en/no_good	2.0	/d/jmdict	/r/Synonym
/c/ja/æ˜ã‹ã‚“/n	/c/en/useless	2.0	/d/jmdict	/r/Synonym
/c/ja/æ˜ç™½/a	/c/ja/æ˜ç™½	1.0	/d/jmdict	/r/SenseOf
/c/ja/æ˜ç™½/a	/c/de/aufrichtig	2.0	/d/jmdict	/r/Synonym
/c/ja/æ˜ç™½/a	/c/de/ausdrÃ¼cklich	2.0	/d/jmdict	/r/Synonym
/c/ja/æ˜ç™½/a	/c/de/deutlich	2.0	/d/jmdict	/r/Synonym
/c/ja/æ˜ç™½/a	/c/de/frisch_von_der_leber_weg	2.0	/d/jmdict	/r/Synonym
/c/ja/æ˜ç™½/a	/c/de/klar	2.0	/d/jmdict	/r/Synonym
/c/ja/æ˜ç™½/a	/c/de/offen	2.0	/d/jmdict	/r/Synonym
/c/ja/æ˜ç™½/a	/c/de/offenherzig	2.0	/d/jmdict	/r/Synonym
/c/ja/æ˜ç™½/a	/c/de/offensichtlich	2.0	/d/jmdict	/r/Synonym
/c/ja/æ˜ç™½/a	/c/de/unbestritten	2.0	/d/jmdict	/r/Synonym
/c/ja/æ˜ç™½/a	/c/de/unverhohlen	2.0	/d/jmdict	/r/Synonym
/c/ja/æ˜ç™½/a	/c/de/unverkennbar	2.0	/d/jmdict	/r/Synonym
/c/ja/æ˜ç™½/a	/c/en/apparent	2.0	/d/jmdict	/r/Synonym
/c/ja/æ˜ç™½/a	/c/en/blatant	2.0	/d/jmdict	/r/Synonym
/c/ja/æ˜ç™½/a	/c/en/candid	2.0	/d/jmdict	/r/Synonym
/c/ja/æ˜ç™½/a	/c/en/clear	2.0	/d/jmdict	/r/Synonym
/c/ja/æ˜ç™½/a	/c/en/direct	2.0	/d/jmdict	/r/Synonym
/c/ja/æ˜ç™½/a	/c/en/evident	2.0	/d/jmdict	/r/Synonym
/c/ja/æ˜ç™½/a	/c/en/explicit	2.0	/d/jmdict	/r/Synonym
/c/ja/æ˜ç™½/a	/c/en/flagrant	2.0	/d/jmdict	/r/Synonym
/c/ja/æ˜ç™½/a	/c/en/frank	2.0	/d/jmdict	/r/Synonym
/c/ja/æ˜ç™½/a	/c/en/obvious	2.0	/d/jmdict	/r/Synonym
/c/ja/æ˜ç™½/a	/c/en/open	2.0	/d/jmdict	/r/Synonym
/c/ja/æ˜ç™½/a	/c/en/overt	2.0	/d/jmdict	/r/Synonym
/c/ja/æ˜ç™½/a	/c/en/plain	2.0	/d/jmdict	/r/Synonym
/c/ja/æ˜ç™½/a	/c/en/straightforward	2.0	/d/jmdict	/r/Synonym
/c/ja/æ˜ç™½/a	/c/en/unabashed	2.0	/d/jmdict	/r/Synonym
/c/ja/æ˜ç™½/a	/c/fr/clair	2.0	/d/jmdict	/r/Synonym
/c/ja/æ˜ç™½/a	/c/fr/Ã©vident	2.0	/d/jmdict	/r/Synonym
/c/ja/æ˜ç™½/a	/c/nl/direct	2.0	/d/jmdict	/r/Synonym
/c/ja/æ˜ç™½/a	/c/nl/duidelijk	2.0	/d/jmdict	/r/Synonym
/c/ja/æ˜ç™½/a	/c/nl/eerlijk	2.0	/d/jmdict	/r/Synonym
/c/ja/æ˜ç™½/a	/c/nl/even	2.0	/d/jmdict	/r/Synonym
/c/ja/æ˜ç™½/a	/c/nl/expliciet	2.0	/d/jmdict	/r/Synonym
/c/ja/æ˜ç™½/a	/c/nl/ineens	2.0	/d/jmdict	/r/Synonym
/c/ja/æ˜ç™½/a	/c/nl/kortstondig	2.0	/d/jmdict	/r/Synonym
/c/ja/æ˜ç™½/a	/c/nl/ongegeneerd	2.0	/d/jmdict	/r/Synonym
/c/ja/æ˜ç™½/a	/c/nl/onomwonden	2.0	/d/jmdict	/r/Synonym
/c/ja/æ˜ç™½/a	/c/nl/onverbloemd	2.0	/d/jmdict	/r/Synonym
/c/ja/æ˜ç™½/a	/c/nl/onverholen	2.0	/d/jmdict	/r/Synonym
/c/ja/æ˜ç™½/a	/c/nl/onverwacht	2.0	/d/jmdict	/r/Synonym
/c/ja/æ˜ç™½/a	/c/nl/onverwachts	2.0	/d/jmdict	/r/Synonym
/c/ja/æ˜ç™½/a	/c/nl/opeens	2.0	/d/jmdict	/r/Synonym
/c/ja/æ˜ç™½/a	/c/nl/openbaar	2.0	/d/jmdict	/r/Synonym
/c/ja/æ˜ç™½/a	/c/nl/openlijk	2.0	/d/jmdict	/r/Synonym
/c/ja/æ˜ç™½/a	/c/nl/plots	2.0	/d/jmdict	/r/Synonym
/c/ja/æ˜ç™½/a	/c/nl/plotseling	2.0	/d/jmdict	/r/Synonym
/c/ja/æ˜ç™½/a	/c/nl/tijdelijk	2.0	/d/jmdict	/r/Synonym
/c/ja/æ˜ç™½/a	/c/nl/vluchtig	2.0	/d/jmdict	/r/Synonym
/c/ja/æ˜ç™½/a	/c/nl/voorlopig	2.0	/d/jmdict	/r/Synonym
/c/ja/æ˜ç™½/a	/c/ru/Ğ¾Ñ‡ĞµĞ²Ğ¸ÌĞ´Ğ½Ñ‹Ğ¹	2.0	/d/jmdict	/r/Synonym
/c/ja/ç™½åœ°/a	/c/ja/ç™½åœ°	1.0	/d/jmdict	/r/SenseOf
/c/ja/ç™½åœ°/a	/c/de/aufrichtig	2.0	/d/jmdict	/r/Synonym
/c/ja/ç™½åœ°/a	/c/de/ausdrÃ¼cklich	2.0	/d/jmdict	/r/Synonym
/c/ja/ç™½åœ°/a	/c/de/deutlich	2.0	/d/jmdict	/r/Synonym
/c/ja/ç™½åœ°/a	/c/de/frisch_von_der_leber_weg	2.0	/d/jmdict	/r/Synonym
/c/ja/ç™½åœ°/a	/c/de/klar	2.0	/d/jmdict	/r/Synonym
/c/ja/ç™½åœ°/a	/c/de/offen	2.0	/d/jmdict	/r/Synonym
/c/ja/ç™½åœ°/a	/c/de/offenherzig	2.0	/d/jmdict	/r/Synonym
/c/ja/ç™½åœ°/a	/c/de/unverhohlen	2.0	/d/jmdict	/r/Synonym
/c/ja/ç™½åœ°/a	/c/en/blatant	2.0	/d/jmdict	/r/Synonym
/c/ja/ç™½åœ°/a	/c/en/candid	2.0	/d/jmdict	/r/Synonym
/c/ja/ç™½åœ°/a	/c/en/direct	2.0	/d/jmdict	/r/Synonym
/c/ja/ç™½åœ°/a	/c/en/flagrant	2.0	/d/jmdict	/r/Synonym
/c/ja/ç™½åœ°/a	/c/en/frank	2.0	/d/jmdict	/r/Synonym
/c/ja/ç™½åœ°/a	/c/en/open	2.0	/d/jmdict	/r/Synonym
/c/ja/ç™½åœ°/a	/c/en/plain	2.0	/d/jmdict	/r/Synonym
/c/ja/ç™½åœ°/a	/c/en/straightforward	2.0	/d/jmdict	/r/Synonym
/c/ja/ç™½åœ°/a	/c/en/unabashed	2.0	/d/jmdict	/r/Synonym
/c/ja/ç™½åœ°/a	/c/nl/direct	2.0	/d/jmdict	/r/Synonym
/c/ja/ç™½åœ°/a	/c/nl/duidelijk	2.0	/d/jmdict	/r/Synonym
/c/ja/ç™½åœ°/a	/c/nl/eerlijk	2.0	/d/jmdict	/r/Synonym
/c/ja/ç™½åœ°/a	/c/nl/even	2.0	/d/jmdict	/r/Synonym
/c/ja/ç™½åœ°/a	/c/nl/expliciet	2.0	/d/jmdict	/r/Synonym
/c/ja/ç™½åœ°/a	/c/nl/ineens	2.0	/d/jmdict	/r/Synonym
/c/ja/ç™½åœ°/a	/c/nl/kortstondig	2.0	/d/jmdict	/r/Synonym
/c/ja/ç™½åœ°/a	/c/nl/ongegeneerd	2.0	/d/jmdict	/r/Synonym
/c/ja/ç™½åœ°/a	/c/nl/onomwonden	2.0	/d/jmdict	/r/Synonym
/c/ja/ç™½åœ°/a	/c/nl/onverbloemd	2.0	/d/jmdict	/r/Synonym
/c/ja/ç™½åœ°/a	/c/nl/onverholen	2.0	/d/jmdict	/r/Synonym
/c/ja/ç™½åœ°/a	/c/nl/onverwacht	2.0	/d/jmdict	/r/Synonym
/c/ja/ç™½åœ°/a	/c/nl/onverwachts	2.0	/d/jmdict	/r/Synonym
/c/ja/ç™½åœ°/a	/c/nl/opeens	2.0	/d/jmdict	/r/Synonym
/c/ja/ç™½åœ°/a	/c/nl/openbaar	2.0	/d/jmdict	/r/Synonym
/c/ja/ç™½åœ°/a	/c/nl/openlijk	2.0	/d/jmdict	/r/Synonym
/c/ja/ç™½åœ°/a	/c/nl/plots	2.0	/d/jmdict	/r/Synonym
/c/ja/ç™½åœ°/a	/c/nl/plotseling	2.0	/d/jmdict	/r/Synonym
/c/ja/ç™½åœ°/a	/c/nl/tijdelijk	2.0	/d/jmdict	/r/Synonym
/c/ja/ç™½åœ°/a	/c/nl/vluchtig	2.0	/d/jmdict	/r/Synonym
/c/ja/ç™½åœ°/a	/c/nl/voorlopig	2.0	/d/jmdict	/r/Synonym
/c/ja/è©¦/n/wn/act	/c/ja/è©¦	1.0	/d/wordnet/3.1	/r/SenseOf
/c/ja/è©¦/n/wn/act	/c/en/test/n/wn/act	2.0	/d/wordnet/3.1	/r/Synonym
/c/ja/è©¦ã—/n/wn/act	/c/ja/è©¦ã—	1.0	/d/wordnet/3.1	/r/SenseOf
/c/ja/è©¦ã—/n/wn/act	/c/en/test/n/wn/act	2.0	/d/wordnet/3.1	/r/Synonym
/c/ja/è©¦è¡Œ/n/wn/act	/c/ja/è©¦è¡Œ	1.0	/d/wordnet/3.1	/r/SenseOf
/c/ja/è©¦è¡Œ/n/wn/act	/c/en/test/n/wn/act	2.0	/d/wordnet/3.1	/r/Synonym
/c/ja/è©¦é¨“/n/wn/act	/c/ja/è©¦é¨“	1.0	/d/wordnet/3.1	/r/SenseOf
/c/ja/è©¦é¨“/n/wn/act	/c/en/test/n/wn/act	2.0	/d/wordnet/3.1	/r/Synonym
/c/ja/é¨“ã—/n/wn/act	/c/ja/é¨“ã—	1.0	/d/wordnet/3.1	/r/SenseOf
/c/ja/é¨“ã—/n/wn/act	/c/en/test/n/wn/act	2.0	/d/wordnet/3.1	/r/Synonym
/c/ko/ë¯¸êµ­ì˜_êµìœ¡	/c/en/education_in_united_states	0.5	/d/dbpedia/en	/r/Synonym
/c/ko/ì‹œí—˜	/c/en/test/n/wp/assessment	0.5	/d/dbpedia/en	/r/Synonym
/c/ms/pendidikan_di_amerika_syarikat	/c/en/education_in_united_states	0.5	/d/dbpedia/en	/r/Synonym
/c/ms/percubaan/n/wn/act	/c/ms/percubaan	1.0	/d/wordnet/3.1	/r/SenseOf
/c/ms/percubaan/n/wn/act	/c/en/test/n/wn/act	2.0	/d/wordnet/3.1	/r/Synonym
/c/ms/uji/n/wn/act	/c/ms/uji	1.0	/d/wordnet/3.1	/r/SenseOf
/c/ms/uji/n/wn/act	/c/en/test/n/wn/act	2.0	/d/wordnet/3.1	/r/Synonym
/c/ms/ujian	/c/en/test/n/wp/assessment	0.5	/d/dbpedia/en	/r/Synonym
/c/ms/ujian/n/wn/act	/c/ms/ujian	1.0	/d/wordnet/3.1	/r/SenseOf
/c/ms/ujian/n/wn/act	/c/en/test/n/wn/act	2.0	/d/wordnet/3.1	/r/Synonym
/c/nl/examen	/c/en/test/n/wp/assessment	0.5	/d/dbpedia/en	/r/Synonym
/c/nl/onderwijs_in_de_verenigde_staten	/c/en/education_in_united_states	0.5	/d/dbpedia/en	/r/Synonym
/c/nl/test/n	/c/de/test	1.0	/d/wiktionary/de	/r/Synonym
/c/nl/test/n	/c/nl/beproeving	1.0	/d/wiktionary/fr	/r/Synonym
/c/nl/test/n	/c/nl/experiment	1.0	/d/wiktionary/en	/r/Synonym
/c/nl/test/n	/c/nl/poging	1.0	/d/wiktionary/fr	/r/Synonym
/c/nl/test/n	/c/nl/proef	2.0	/d/wiktionary/en	/r/Synonym
/c/nl/test/n	/c/nl/toets	1.0	/d/wiktionary/fr	/r/Synonym
/c/nl/test/n	/c/nl/toetsing	1.0	/d/wiktionary/fr	/r/Synonym
/c/no/eksamen	/c/en/test/n/wp/assessment	0.5	/d/dbpedia/en	/r/Synonym
/c/no/test/n/wn/act	/c/no/test	1.0	/d/wordnet/3.1	/r/SenseOf
/c/no/test/n/wn/act	/c/en/test/n/wn/act	2.0	/d/wordnet/3.1	/r/Synonym
/c/pl/egzamin	/c/en/test/n/wp/assessment	0.5	/d/dbpedia/en	/r/Synonym
/c/pt/educaÃ§Ã£o_nos_estados_unidos	/c/en/education_in_united_states	0.5	/d/dbpedia/en	/r/Synonym
/c/pt/teste/n/wn/act	/c/pt/teste	1.0	/d/wordnet/3.1	/r/SenseOf
/c/pt/teste/n/wn/act	/c/en/test/n/wn/act	2.0	/d/wordnet/3.1	/r/Synonym
/c/ro/examen	/c/en/test/n/wp/assessment	0.5	/d/dbpedia/en	/r/Synonym
/c/ru/ĞºĞ¾Ğ½Ñ‚Ñ€Ğ¾Ğ»ÑŒĞ½Ğ°Ñ_Ñ€Ğ°Ğ±Ğ¾Ñ‚Ğ°	/c/en/test/n/wp/assessment	0.5	/d/dbpedia/en	/r/Synonym
/c/ru/ÑĞ¸ÑÑ‚ĞµĞ¼Ğ°_Ğ¾Ğ±Ñ€Ğ°Ğ·Ğ¾Ğ²Ğ°Ğ½Ğ¸Ñ_ÑÑˆĞ°	/c/en/education_in_united_states	0.5	/d/dbpedia/en	/r/Synonym
/c/sh/ispit	/c/en/test/n/wp/assessment	0.5	/d/dbpedia/en	/r/Synonym
/c/sk/Å¡kolstvo_v_usa	/c/en/education_in_united_states	0.5	/d/dbpedia/en	/r/Synonym
/c/sl/izpit	/c/en/test/n/wp/assessment	0.5	/d/dbpedia/en	/r/Synonym
/c/sq/data	/c/en/test/n/wp/assessment	0.5	/d/dbpedia/en	/r/Synonym
/c/sq/provÃ«/n/wn/act	/c/sq/provÃ«	1.0	/d/wordnet/3.1	/r/SenseOf
/c/sq/provÃ«/n/wn/act	/c/en/test/n/wn/act	2.0	/d/wordnet/3.1	/r/Synonym
/c/sq/test/n/wn/act	/c/sq/test	1.0	/d/wordnet/3.1	/r/SenseOf
/c/sq/test/n/wn/act	/c/en/test/n/wn/act	2.0	/d/wordnet/3.1	/r/Synonym
/c/sq/testoj/n/wn/act	/c/sq/testoj	1.0	/d/wordnet/3.1	/r/SenseOf
/c/sq/testoj/n/wn/act	/c/en/test/n/wn/act	2.0	/d/wordnet/3.1	/r/Synonym
/c/sv/prov/n/wp/diagnostiskt_test	/c/sv/prov	1.0	/d/dbpedia/en	/r/SenseOf
/c/sv/prov/n/wp/diagnostiskt_test	/c/en/test/n/wp/assessment	0.5	/d/dbpedia/en	/r/Synonym
/c/sv/test/n	/c/sv/examen	1.0	/d/wiktionary/en	/r/Synonym
/c/sv/test/n	/c/sv/experiment	1.0	/d/wiktionary/en	/r/Synonym
/c/sv/test/n	/c/sv/fÃ¶rsÃ¶k	1.0	/d/wiktionary/en	/r/Synonym
/c/sv/test/n	/c/sv/prov	1.0	/d/wiktionary/en	/r/Synonym
/c/sv/test/n	/c/sv/skrivning	1.0	/d/wiktionary/en	/r/Synonym
/c/sv/test/n	/c/sv/tofs	1.0	/d/wiktionary/en	/r/Synonym
/c/sv/test/n	/c/sv/tuss	1.0	/d/wiktionary/en	/r/Synonym
/c/sv/test/n/wikt/fr_1	/c/sv/prov	1.0	/d/wiktionary/fr	/r/Synonym
/c/sv/test/n/wikt/fr_2	/c/sv/test	1.0	/d/wiktionary/fr	/r/SenseOf
/c/sv/test/n/wikt/fr_2	/c/sv/hÃ¥rtest	1.0	/d/wiktionary/fr	/r/Synonym
/c/sv/utbildning_i_usa	/c/en/education_in_united_states	0.5	/d/dbpedia/en	/r/Synonym
/c/th/à¸à¸²à¸£à¸¥à¸‡à¹‚à¸—à¸©à¹€à¸›à¹‡à¸™à¹€à¸¢à¸µà¹ˆà¸¢à¸‡à¸­à¸¢à¹ˆà¸²à¸‡/n/wn/act	/c/th/à¸à¸²à¸£à¸¥à¸‡à¹‚à¸—à¸©à¹€à¸›à¹‡à¸™à¹€à¸¢à¸µà¹ˆà¸¢à¸‡à¸­à¸¢à¹ˆà¸²à¸‡	1.0	/d/wordnet/3.1	/r/SenseOf
/c/th/à¸à¸²à¸£à¸¥à¸‡à¹‚à¸—à¸©à¹€à¸›à¹‡à¸™à¹€à¸¢à¸µà¹ˆà¸¢à¸‡à¸­à¸¢à¹ˆà¸²à¸‡/n/wn/act	/c/en/test/n/wn/act	2.0	/d/wordnet/3.1	/r/Synonym
/c/tr/sÄ±nav	/c/en/test/n/wp/assessment	0.5	/d/dbpedia/en	/r/Synonym
/c/tr/test/n	/c/tr/test	1.0	/d/wiktionary/de	/r/SenseOf
/c/tr/test/n	/c/en/test	1.0	/d/wiktionary/de	/r/Synonym
/c/uk/ÑĞ¸ÑÑ‚ĞµĞ¼Ğ°_Ğ¾ÑĞ²Ñ–Ñ‚Ğ¸_ÑĞ¿Ğ¾Ğ»ÑƒÑ‡ĞµĞ½Ğ¸Ñ…_ÑˆÑ‚Ğ°Ñ‚Ñ–Ğ²_Ğ°Ğ¼ĞµÑ€Ğ¸ĞºĞ¸	/c/en/education_in_united_states	0.5	/d/dbpedia/en	/r/Synonym
/c/vi/giÃ¡o_dá»¥c_hoa_ká»³	/c/en/education_in_united_states	0.5	/d/dbpedia/en	/r/Synonym
/c/zh/ä¸€è¾è«èµ	/c/en/left_speechless_by_something_perfect	1.0	/d/cc_cedict	/r/Synonym
/c/zh/ä¸€è¾­è«è´Š	/c/en/left_speechless_by_something_perfect	1.0	/d/cc_cedict	/r/Synonym
/c/zh/ä¸€è¾­è«è´Š	/c/zh/ä¸€è¾è«èµ	1.0	/d/cc_cedict	/r/Synonym
/c/zh/æ¸¬é©—	/c/en/test/n/wp/assessment	0.5	/d/dbpedia/en	/r/Synonym
/c/zh/ç¾å›½æ•™è‚²	/c/en/education_in_united_states	0.5	/d/dbpedia/en	/r/Synonym
/c/zh/è©¦/n/wn/act	/c/zh/è©¦	1.0	/d/wordnet/3.1	/r/SenseOf
/c/zh/è©¦/n/wn/act	/c/en/test/n/wn/act	2.0	/d/wordnet/3.1	/r/Synonym
/c/zh/é¦¬åŒ¹	/c/en/horse	1.0	/d/cc_cedict	/r/Synonym
/c/zh/é¦¬åŒ¹	/c/zh/é©¬åŒ¹	1.0	/d/cc_cedict	/r/Synonym
/c/zh/é¦¬å—é‚¨	/c/en/ma_nancun	1.0	/d/cc_cedict	/r/Synonym
/c/zh/é¦¬å—é‚¨	/c/zh/é©¬å—é‚¨	1.0	/d/cc_cedict	/r/Synonym
/c/zh/é¦¬å 	/c/en/merchant	1.0	/d/cc_cedict	/r/Synonym
/c/zh/é¦¬å 	/c/zh/é©¬å 	1.0	/d/cc_cedict	/r/Synonym
/c/zh/é¦¬å¡é¾	/c/en/macaron	1.0	/d/cc_cedict	/r/Synonym
/c/zh/é¦¬å¡é¾	/c/zh/é©¬å¡é¾™	1.0	/d/cc_cedict	/r/Synonym
/c/zh/é¦¬å‹å‹	/c/en/yo_yo_ma	1.0	/d/cc_cedict	/r/Synonym
/c/zh/é¦¬å‹å‹	/c/zh/é©¬å‹å‹	1.0	/d/cc_cedict	/r/Synonym
/c/zh/é¦¬å£éµ	/c/en/tin	1.0	/d/cc_cedict	/r/Synonym
/c/zh/é¦¬å£éµ	/c/en/tinplate	1.0	/d/cc_cedict	/r/Synonym
/c/zh/é¦¬å£éµ	/c/zh/é©¬å£é“	1.0	/d/cc_cedict	/r/Synonym
/c/zh/é¦¬å¯_å¥§å‹’ç•™	/c/en/marcus_aurelius	1.0	/d/cc_cedict	/r/Synonym
/c/zh/é¦¬å¯_å¥§å‹’ç•™	/c/zh/é©¬å¯_å¥¥å‹’ç•™	1.0	/d/cc_cedict	/r/Synonym
/c/zh/é¦¬å¯å°¼	/c/en/marconi	1.0	/d/cc_cedict	/r/Synonym
/c/zh/é¦¬å¯å°¼	/c/zh/é©¬å¯å°¼	1.0	/d/cc_cedict	/r/Synonym
/c/zh/é¦¬å¯æ³¢ç¾…	/c/en/marco_polo	1.0	/d/cc_cedict	/r/Synonym
/c/zh/é¦¬å¯æ³¢ç¾…	/c/zh/é©¬å¯æ³¢ç½—	1.0	/d/cc_cedict	/r/Synonym
/c/zh/é©¬åŒ¹	/c/en/horse	1.0	/d/cc_cedict	/r/Synonym
/c/zh/é©¬å—é‚¨	/c/en/ma_nancun	1.0	/d/cc_cedict	/r/Synonym
/c/zh/é©¬å 	/c/en/merchant	1.0	/d/cc_cedict	/r/Synonym
/c/zh/é©¬å¡é¾™	/c/en/macaron	1.0	/d/cc_cedict	/r/Synonym
/c/zh/é©¬å‹å‹	/c/en/yo_yo_ma	1.0	/d/cc_cedict	/r/Synonym
/c/zh/é©¬å£é“	/c/en/tin	1.0	/d/cc_cedict	/r/Synonym
/c/zh/é©¬å£é“	/c/en/tinplate	1.0	/d/cc_cedict	/r/Synonym
/c/zh/é©¬å¯_å¥¥å‹’ç•™	/c/en/marcus_aurelius	1.0	/d/cc_cedict	/r/Synonym
/c/zh/é©¬å¯å°¼	/c/en/marconi	1.0	/d/cc_cedict	/r/Synonym
/c/zh/é©¬å¯æ³¢ç½—	/c/en/marco_polo	1.0	/d/cc_cedict	/r/Synonym
/c/zh/é«˜æŠ¬	/c/en/speak_highly_of_someone	1.0	/d/cc_cedict	/r/Synonym
/c/zh/é«˜æŠ¬	/c/zh/é«˜æŠ¬	1.0	/d/cc_cedict	/r/Synonym
/c/en/balalaika	/c/en/make_music	2.82842712474619	/d/conceptnet/4/en	/r/UsedFor
/c/en/balalaika	/c/en/making_music	1.0	/d/conceptnet/4/en	/r/UsedFor
/c/ja/ã‚¯ãƒ©ã‚¹ãƒ«ãƒ¼ãƒ 	/c/ja/ãƒ†ã‚¹ãƒˆ	0.5	/d/kyoto_yahoo	/r/UsedFor
/c/ja/æ•™å®¤	/c/ja/ãƒ†ã‚¹ãƒˆ	2.0	/d/kyoto_yahoo	/r/UsedFor
/c/zh/æª¢æŸ¥	/c/zh/èµ°åˆ°é£²æ°´æ©Ÿ	1.0	/d/conceptnet/4/zh	/r/UsedFor
