word1,word2,mean,ano1,ano2,ano3,ano4,ano5,ano6,ano7,ano8,ano9,ano10,tag,mecab,form1,form2,ambiguity
あっけなく,たやすく,7.2,6,8,6,8,8,7,6,7,9,8,adjective,yes,conj_adv,conj_adv,yes
あやし,怪し,10,10,10,10,10,10,10,10,10,10,10,adjective,yes,conj,conj_classic,yes
あやしい,疑わしい,7.8,6,8,7,10,8,8,8,8,9,8,adjective,yes,dict,dict,no
あやしい,怪しい,9.6,10,10,10,10,8,10,10,10,10,10,adjective,yes,dict,dict,no
あやしく,疑わしく,8,8,9,8,7,8,9,8,7,9,8,adjective,yes,conj_adv,conj_adv,yes
あやしく,怪しく,10,10,10,10,10,10,10,10,10,10,10,adjective,yes,conj_adv,conj_adv,yes
いい,荒々しく,5.8,5,8,8,2,6,0,4,2,3,6,adjective,yes,dict,conj_adv,yes
いい加減,荒っぽい,5.2,6,6,10,2,2,2,5,8,7,7,adjective,yes,dict,dict,yes
いぶかしく,怪しく,8,7,9,9,7,8,9,7,7,8,8,adjective,yes,conj_adv,conj_adv,yes
いぶかしく,疑わしく,8.2,8,9,9,7,8,9,8,8,8,9,adjective,yes,conj_adv,conj_adv,yes
いぶかしげ,怪し,7.8,8,9,8,6,8,9,7,8,8,8,adjective,yes,conj,conj,yes
いぶかしげ,あやし,8.4,8,9,9,8,8,9,7,8,8,9,adjective,yes,conj,conj,yes
うっとうしい,邪魔くさい,8.4,8,9,9,8,8,9,7,7,9,9,adjective,yes,dict,dict,no
うっとうしい,面倒くさい,8.4,8,9,8,10,7,8,6,6,7,7,adjective,yes,dict,dict,no
うっとうしい,わずらわしい,8.8,8,9,9,10,8,9,8,7,8,9,adjective,yes,dict,dict,no
うっとうしく,うるさく,7,8,5,9,5,8,3,3,4,7,9,adjective,yes,conj_adv,conj_adv,yes
うっとうしく,わずらわしく,7.6,8,7,9,7,7,6,8,7,9,8,adjective,yes,conj_adv,conj_adv,yes
うとましい,うっとうしい,8,8,10,10,3,9,9,4,9,8,2,adjective,yes,dict,dict,no
うとましい,煩わしい,7.6,7,8,7,8,8,9,5,7,8,1,adjective,yes,dict,dict,no
うとましい,わずらわしい,8.2,8,9,8,8,8,9,5,7,8,1,adjective,yes,dict,dict,no
うるさい,激しい,5.4,6,9,6,4,2,3,5,6,7,7,adjective,yes,dict,dict,no
うるさく,激しく,3.6,1,6,3,2,6,7,2,2,2,2,adjective,yes,conj_adv,conj_adv,yes
うるさく,凄く,2.4,3,1,0,2,6,7,2,2,1,0,adjective,yes,conj_adv,conj_adv,yes
うるさく,騒がしく,7.8,6,8,8,9,8,9,5,9,7,9,adjective,yes,conj_adv,conj_adv,yes
うるさく,大きく,6,5,8,10,5,2,3,5,5,6,5,adjective,yes,conj_adv,conj_adv,yes
うれしい,いい,5.8,8,7,4,4,6,7,3,5,8,8,adjective,yes,dict,dict,no
うれしい,良い,6.2,6,6,8,5,6,7,3,5,8,8,adjective,yes,dict,dict,no
うれしい,素晴らしい,6,7,6,5,5,7,6,3,4,7,7,adjective,yes,dict,dict,no
うれしい,嬉しい,9.8,10,10,9,10,10,10,10,10,10,10,adjective,yes,dict,dict,no
うれしい,好ましい,6,6,9,9,3,3,5,7,7,6,5,adjective,yes,dict,dict,no
おいしく,芳ばしく,4.4,3,6,3,4,6,7,2,4,0,6,adjective,yes,conj_adv,conj_adv,yes
おいしく,香ばしく,5.6,5,9,7,3,4,5,2,5,8,3,adjective,yes,conj_adv,conj_adv,yes
おかしい,尋常ではない,6.8,3,8,6,9,8,7,8,6,6,5,adjective,yes,dict,dict,no
おとなしい,慎ましやか,6,6,7,6,4,7,4,7,6,6,6,adjective,yes,dict,conj,yes
おどろおどろしい,ものすごい,4.6,1,5,3,5,9,4,2,6,1,2,adjective,yes,dict,dict,no
おどろおどろしい,恐ろしい,6.8,5,7,5,8,9,9,4,5,8,9,adjective,yes,dict,dict,no
おどろおどろしい,すさまじい,5.2,7,8,0,7,4,7,2,7,2,5,adjective,yes,dict,dict,no
おめでたく,喜ばしく,9.2,9,10,10,9,8,8,5,7,9,8,adjective,yes,conj_adv,conj_adv,yes
おめでたく,めでたく,9.4,10,9,9,10,9,9,7,9,10,10,adjective,yes,conj_adv,conj_adv,yes
おもしろく,面白おかしく,8,9,8,6,8,9,9,6,6,9,10,adjective,yes,conj_adv,conj_adv,yes
おもしろく,楽しく,6.6,4,6,5,10,8,8,5,5,8,8,adjective,yes,conj_adv,conj_adv,yes
おもしろく,面白く,10,10,10,10,10,10,10,10,10,10,10,adjective,yes,conj_adv,conj_adv,yes
かぐわしい,香ばしい,8.2,8,5,10,10,8,9,6,7,7,9,adjective,yes,dict,dict,no
かぐわしい,芳しい,9.6,10,8,10,10,10,10,7,6,10,9,adjective,yes,dict,dict,no
かぐわしく,芳しく,9.6,10,8,10,10,10,10,7,6,10,9,adjective,yes,conj_adv,conj_adv,yes
かなしい,悲しい,10,10,10,10,10,10,10,10,10,10,10,adjective,yes,dict,dict,no
かなしい,寂しい,7.4,5,9,8,7,8,6,5,6,8,8,adjective,yes,dict,dict,no
か弱い,細い,4.6,2,5,5,4,7,7,1,5,7,6,adjective,yes,dict,dict,no
か弱い,弱い,8.4,9,6,9,10,8,7,5,8,8,10,adjective,yes,dict,dict,no
か弱い,小さい,6.6,7,9,7,7,3,3,5,7,5,5,adjective,yes,dict,dict,no
か細い,乏しい,6,6,8,7,2,7,7,1,2,5,0,adjective,yes,dict,dict,no
か細い,弱々しい,8.2,7,8,9,9,8,8,6,9,7,8,adjective,yes,dict,dict,no
か細い,か弱い,8,8,8,7,10,7,8,4,7,7,9,adjective,yes,dict,dict,no
か細い,弱弱しい,8,7,8,7,10,8,8,6,9,7,9,adjective,yes,dict,dict,no
か細い,弱い,7.4,6,8,7,8,8,6,5,8,8,7,adjective,yes,dict,dict,no
か細い,小さい,6.6,6,8,5,8,6,4,5,7,6,5,adjective,yes,dict,dict,no
か細い,細い,8.8,7,10,9,9,9,6,7,10,5,3,adjective,yes,dict,dict,no
か細い,細かい,5.4,6,8,3,8,2,3,3,6,6,2,adjective,yes,dict,dict,no
きつい,苦しい,7.2,9,8,5,6,8,8,6,7,8,7,adjective,yes,dict,dict,no
きつい,厳しい,7.8,9,8,5,9,8,8,4,7,8,6,adjective,yes,dict,dict,no
きつい,難しい,7.4,6,8,9,8,6,5,5,6,5,6,adjective,yes,dict,dict,no
きつかっ,つらかっ,9,9,9,10,9,8,9,7,6,8,7,adjective,yes,conj,conj,no
きつかっ,厳しかっ,8,9,8,8,7,8,8,4,6,7,6,adjective,yes,conj,conj,no
きつかっ,辛かっ,9,9,9,9,10,8,9,7,7,8,7,adjective,yes,conj,conj,no
きめ細かく,細かく,5.8,3,7,3,8,8,8,5,4,8,7,adjective,yes,conj_adv,conj_adv,yes
きめ細かく,詳しく,8.6,7,9,10,9,8,5,3,7,8,8,adjective,yes,conj_adv,conj_adv,yes
くやしい,不甲斐ない,6.4,6,6,10,4,6,6,5,2,6,7,adjective,yes,dict,dict,no
くやしい,情けない,7,6,9,8,6,6,8,5,4,6,7,adjective,yes,dict,dict,no
けたたましい,凄い,4.8,6,6,2,3,7,8,5,3,6,8,adjective,yes,dict,dict,no
けたたましい,すさまじい,7,7,8,10,3,7,8,4,6,7,8,adjective,yes,dict,dict,no
けたたましい,やかましい,8,6,8,8,10,8,8,5,7,8,9,adjective,yes,dict,dict,no
けたたましい,ものすごい,6.2,5,7,6,6,7,8,5,6,6,8,adjective,yes,dict,dict,no
けたたましい,物凄い,6.4,6,7,6,6,7,8,5,6,6,8,adjective,yes,dict,dict,no
けたたましい,うるさい,8.8,8,9,9,10,8,8,6,7,7,9,adjective,yes,dict,dict,no
けたたましい,騒がしい,8.8,8,9,9,10,8,9,4,7,6,9,adjective,yes,dict,dict,no
けたたましい,すごい,5.2,5,5,5,4,7,8,4,6,3,8,adjective,yes,dict,dict,no
けたたましい,騒々しい,8.8,9,9,9,9,8,8,6,7,7,10,adjective,yes,dict,dict,no
けたたましい,甲高い,6.8,8,8,8,2,8,6,2,3,0,6,adjective,yes,dict,dict,no
けたたましい,激しい,7.4,6,8,9,7,7,6,5,8,8,7,adjective,yes,dict,dict,no
けたたましく,激しく,7.2,8,6,10,5,7,8,5,3,3,8,adjective,yes,conj_adv,conj_adv,yes
けたたましく,やかましく,8.4,7,8,10,9,8,7,5,4,7,9,adjective,yes,conj_adv,conj_adv,yes
けたたましく,大きく,6,8,6,9,2,5,7,4,2,0,7,adjective,yes,conj_adv,conj_adv,yes
けたたましく,慌ただしく,6.2,8,8,10,2,3,7,1,2,1,2,adjective,yes,conj_adv,conj_adv,yes
けたたましく,騒がしく,8.6,7,9,9,10,8,8,3,6,7,9,adjective,yes,conj_adv,conj_adv,yes
けたたましく,うるさく,8.4,8,9,9,8,8,9,6,6,7,9,adjective,yes,conj_adv,conj_adv,yes
さびしい,寂しい,10,10,10,10,10,10,10,10,10,10,10,adjective,yes,dict,dict,no
しょぼい,あっけない,6.8,7,5,10,5,7,7,4,3,8,0,adjective,yes,dict,dict,no
しんどい,難しい,5.4,5,6,2,8,6,7,3,4,5,1,adjective,yes,dict,dict,no
しんどい,つらい,7.6,7,9,5,9,8,9,8,8,8,10,adjective,yes,dict,dict,no
しんどい,苦しい,7.2,6,8,5,9,8,8,7,6,8,7,adjective,yes,dict,dict,no
しんどい,辛い,8,7,9,6,10,8,8,8,8,9,10,adjective,yes,dict,dict,no
しんどい,厳しい,5.8,4,6,3,8,8,8,3,6,8,4,adjective,yes,dict,dict,no
しんどい,きつい,8.2,9,7,7,10,8,9,8,9,9,9,adjective,yes,dict,dict,no
しんどかっ,きつかっ,9,8,9,10,10,8,9,8,9,9,9,adjective,yes,conj,conj,no
しんどかっ,厳しかっ,7.6,7,8,7,8,8,8,3,6,9,4,adjective,yes,conj,conj,no
しんどかっ,辛かっ,8.8,9,9,8,10,8,9,8,8,9,10,adjective,yes,conj,conj,no
すがすがしい,輝かしい,4,5,1,5,3,6,5,2,4,2,0,adjective,yes,dict,dict,no
すがすがしい,素晴らしい,5.4,4,7,7,3,6,5,2,3,2,6,adjective,yes,dict,dict,no
すがすがしい,すばらしい,6.4,7,7,9,3,6,5,2,3,2,6,adjective,yes,dict,dict,no
すがすがしい,神々しい,4.6,4,8,6,1,4,3,3,2,0,2,adjective,yes,dict,dict,no
すがすがしい,華々しい,4.6,3,8,7,0,5,4,3,2,1,2,adjective,yes,dict,dict,no
すごい,すばらしい,6.4,7,7,5,6,7,6,7,6,7,7,adjective,yes,dict,dict,no
すごい,激しい,7,6,9,6,8,6,7,5,6,7,5,adjective,yes,dict,dict,no
すごい,うるさい,5,5,9,5,2,4,4,3,5,0,5,adjective,yes,dict,dict,no
すごかっ,物凄かっ,8.2,7,7,10,8,9,9,6,7,8,9,adjective,yes,conj,conj,no
すごかっ,激しかっ,7.4,7,7,8,7,8,6,5,5,7,8,adjective,yes,conj,conj,no
すごかっ,早かっ,5,5,6,6,3,5,6,2,2,0,2,adjective,yes,conj,conj,no
すごく,大きく,4.8,3,6,5,4,6,7,3,4,6,1,adjective,yes,conj_adv,conj_adv,yes
すさまじい,すごい,6.8,3,7,8,8,8,8,5,6,5,7,adjective,yes,dict,dict,no
すさまじい,すばらしい,3.8,0,5,3,4,7,6,2,4,5,4,adjective,yes,dict,dict,no
すさまじい,甲高い,2.6,0,4,2,2,5,6,1,1,0,3,adjective,yes,dict,dict,no
すさまじい,凄い,6.6,9,7,5,4,8,7,5,5,8,7,adjective,yes,dict,dict,no
すさまじい,凄まじい,10,10,10,10,10,10,10,10,10,10,10,adjective,yes,dict,dict,no
すさまじい,ひどい,6.2,7,9,5,7,3,3,3,6,8,3,adjective,yes,dict,dict,no
すさまじい,恐ろしい,6.4,6,8,7,4,7,6,5,6,5,3,adjective,yes,dict,dict,no
すさまじい,騒々しい,5,5,8,6,3,3,4,3,5,5,2,adjective,yes,dict,dict,no
すさまじい,うるさい,5.6,5,9,7,3,4,3,3,5,6,2,adjective,yes,dict,dict,no
すさまじい,激しい,7.6,6,8,7,9,8,7,5,8,8,6,adjective,yes,dict,dict,no
すさまじい,騒がしい,6,5,8,8,6,3,4,3,6,5,2,adjective,yes,dict,dict,no
すさまじい,強い,6.8,6,8,9,8,3,6,5,6,8,5,adjective,yes,dict,dict,no
すさまじい,ものすごい,8.8,8,9,9,9,9,9,7,9,8,7,adjective,yes,dict,dict,no
すさまじい,素晴らしい,4.8,5,9,8,1,1,3,1,7,3,3,adjective,yes,dict,dict,no
すさまじかっ,すごかっ,8.8,8,9,10,9,8,8,5,7,7,7,adjective,yes,conj,conj,no
すさまじかっ,激しかっ,8,9,8,9,7,7,8,5,6,7,6,adjective,yes,conj,conj,no
すさまじかっ,物凄かっ,8.8,8,9,9,10,8,8,7,7,8,7,adjective,yes,conj,conj,no
すさまじかっ,凄まじかっ,10,10,10,10,10,10,8,10,10,10,10,adjective,yes,conj,conj,no
すさまじかっ,早かっ,3.4,4,8,3,1,1,2,1,2,0,1,adjective,yes,conj,conj,no
すばやく,素早く,10,10,10,10,10,10,10,10,10,10,10,adjective,yes,conj_adv,conj_adv,yes
すばらしい,よい,7.4,8,6,8,7,8,8,5,7,8,8,adjective,yes,dict,dict,no
すばらしい,良い,7.2,8,6,7,7,8,7,5,7,8,8,adjective,yes,dict,dict,no
たまらない,心地よい,5.4,5,8,3,5,6,8,3,3,5,8,adjective,yes,dict,dict,no
つつましやか,小さな,5,5,7,5,2,6,7,5,3,5,3,adjective,yes,dict,dict,no
つらい,きつい,8.2,10,7,6,10,8,8,5,9,8,8,adjective,yes,dict,dict,no
つらい,厳しい,7.4,9,6,5,10,7,8,3,7,8,7,adjective,yes,dict,dict,no
つらい,難しい,5.8,3,6,7,6,7,8,2,6,8,4,adjective,yes,dict,dict,no
つらかっ,辛かっ,9.6,8,10,10,10,10,10,10,10,10,10,adjective,yes,conj,conj,no
つらかっ,厳しかっ,8.2,9,8,7,10,7,7,3,7,8,7,adjective,yes,conj,conj,no
つらかっ,しんどかっ,9.2,9,10,10,9,8,8,6,8,8,8,adjective,yes,conj,conj,no
つらく,寂しく,4,4,5,4,2,5,8,2,2,5,0,adjective,yes,conj_adv,conj_adv,yes
つらく,切なく,4.8,4,5,5,4,6,9,2,2,5,4,adjective,yes,conj_adv,conj_adv,yes
つらく,辛く,10,10,10,10,10,10,10,10,10,10,10,adjective,yes,conj_adv,conj_adv,yes
つらく,悲しく,7.8,6,9,10,7,7,3,5,7,8,8,adjective,yes,conj_adv,conj_adv,yes
とげとげしかっ,厳しかっ,5.6,7,6,6,3,6,7,2,3,0,2,adjective,yes,conj,conj,no
とてつもない,すさまじい,6,3,7,5,8,7,7,6,6,5,6,adjective,yes,dict,dict,no
とてつもない,恐ろしい,5,2,5,5,7,6,8,5,7,3,4,adjective,yes,dict,dict,no
とてつもない,ひどい,4.8,2,5,4,7,6,7,3,4,3,5,adjective,yes,dict,dict,no
とてつもない,激しい,8.2,6,9,9,9,8,3,7,8,7,8,adjective,yes,dict,dict,no
とてつもない,すごい,8,7,9,9,8,7,6,7,8,9,8,adjective,yes,dict,dict,no
ない,無い,10,10,10,10,10,10,10,10,10,10,10,adjective,yes,dict,dict,no
はかなく,もろく,8.6,8,9,9,10,7,8,7,9,6,7,adjective,yes,conj_adv,conj_adv,yes
はかなく,弱く,7.4,8,8,8,6,7,8,4,6,6,8,adjective,yes,conj_adv,conj_adv,yes
ひどい,恐ろしい,6.4,6,7,7,6,6,7,3,4,5,6,adjective,yes,dict,dict,no
ひどい,凄い,7,6,8,9,8,4,3,2,6,9,3,adjective,yes,dict,dict,no
ひどい,激しい,6.8,6,9,7,8,4,3,2,5,9,5,adjective,yes,dict,dict,no
ひどい,すごい,7.2,6,9,10,8,3,6,2,6,9,5,adjective,yes,dict,dict,no
ふさわしい,正しい,5.4,7,5,5,4,6,5,5,5,7,4,adjective,yes,dict,dict,no
ふさわしい,好ましい,6.6,6,6,7,7,7,7,6,7,7,7,adjective,yes,dict,dict,no
ふさわしい,良い,7.2,7,7,7,8,7,7,4,6,7,6,adjective,yes,dict,dict,no
ふさわしい,いい,7.2,7,7,7,8,7,7,4,5,7,6,adjective,yes,dict,dict,no
ふさわしい,願わしい,7.4,6,8,8,7,8,7,5,5,9,7,adjective,yes,dict,dict,no
ほしい,嬉しい,3.6,4,9,0,2,3,3,2,5,0,1,adjective,yes,dict,dict,no
ほしい,うれしい,3.6,4,9,0,2,3,3,2,5,0,1,adjective,yes,dict,dict,no
ほしかっ,望ましい,5.2,3,7,6,3,7,8,5,4,5,2,adjective,yes,conj,dict,no
ほしかっ,好ましい,5.6,5,9,3,3,8,4,2,6,3,5,adjective,yes,conj,dict,yes
みっともない,悲しい,5,5,9,7,1,3,3,3,5,6,2,adjective,yes,dict,dict,no
みっともなかっ,恥ずかしかっ,8,7,9,8,9,7,8,5,8,7,8,adjective,yes,conj,conj,no
みっともなかっ,嘆かわしかっ,6,7,7,7,3,6,6,3,6,5,7,adjective,yes,conj,conj,no
むなしい,かなしい,6.4,5,8,8,5,6,8,4,6,6,6,adjective,yes,dict,dict,no
むなしい,寂しい,6.8,6,7,8,7,6,8,5,6,6,7,adjective,yes,dict,dict,no
むなしい,さびしい,5.6,4,6,5,7,6,8,5,6,6,7,adjective,yes,dict,dict,no
むなしい,悲しい,6.2,6,7,6,6,6,8,4,5,6,6,adjective,yes,dict,dict,no
むなしい,虚しい,10,10,10,10,10,10,10,10,10,10,10,adjective,yes,dict,dict,no
むなしく,儚く,5.8,3,6,7,7,6,8,8,7,3,9,adjective,yes,conj_adv,conj_adv,yes
むなしく,寂しく,5.8,4,7,5,7,6,8,5,3,6,7,adjective,yes,conj_adv,conj_adv,yes
むなしく,悲しく,5.6,4,6,5,7,6,8,4,3,6,6,adjective,yes,conj_adv,conj_adv,yes
めんどくさい,ややこしい,7,6,8,5,9,7,8,4,6,6,6,adjective,yes,dict,dict,no
めんどくさく,うっとうしく,8,6,8,10,7,9,6,5,6,8,8,adjective,yes,conj_adv,conj_adv,yes
ものすごい,素晴らしい,5.2,1,6,5,7,7,9,3,5,5,6,adjective,yes,dict,dict,no
ものすごい,とてつもない,6.8,3,7,8,8,8,8,6,7,8,8,adjective,yes,dict,dict,no
ものすごい,凄い,7.4,4,8,7,9,9,8,6,7,8,9,adjective,yes,dict,dict,no
ものすごい,すごい,7.4,4,8,7,9,9,8,6,7,8,9,adjective,yes,dict,dict,no
ものすごい,すばらしい,6.4,7,5,7,6,7,7,3,5,5,7,adjective,yes,dict,dict,no
ものすごい,ひどい,7,7,8,9,8,3,3,3,7,8,5,adjective,yes,dict,dict,no
ものすごい,激しい,7.8,6,9,8,9,7,7,7,8,8,7,adjective,yes,dict,dict,no
ものすごい,恐ろしい,6.6,6,9,8,6,4,4,3,6,0,5,adjective,yes,dict,dict,no
ものすごい,騒々しい,6,6,9,6,6,3,4,5,6,7,2,adjective,yes,dict,dict,no
もの凄い,すごい,7.6,5,8,8,8,9,7,6,7,8,9,adjective,yes,dict,dict,no
もの凄い,凄い,7.8,9,6,7,8,9,7,6,7,8,9,adjective,yes,dict,dict,no
もの凄い,激しい,7.4,7,7,9,7,7,7,3,3,5,7,adjective,yes,dict,dict,no
もの凄い,すさまじい,8.8,9,8,10,9,8,7,5,7,8,7,adjective,yes,dict,dict,no
もの凄い,ひどい,6.2,6,6,7,6,6,6,3,2,3,5,adjective,yes,dict,dict,no
もの凄い,ものすごい,10,10,10,10,10,10,10,10,10,10,10,adjective,yes,dict,dict,no
もろい,弱い,7,9,7,6,6,7,9,5,7,7,9,adjective,yes,dict,dict,no
もろく,儚く,6,5,8,7,3,7,9,5,6,5,9,adjective,yes,conj_adv,conj_adv,yes
もろく,弱く,6.2,5,7,5,7,7,9,5,7,7,9,adjective,yes,conj_adv,conj_adv,yes
もろく,あっけなく,5.8,5,6,7,4,7,8,5,3,3,3,adjective,yes,conj_adv,conj_adv,yes
やかましい,騒々しい,7.8,6,7,8,10,8,8,8,8,7,9,adjective,yes,dict,dict,no
やかましい,激しい,5.6,6,8,6,6,2,6,5,6,7,5,adjective,yes,dict,dict,no
やかましく,慌ただしく,6.6,8,6,10,3,6,7,1,3,7,7,adjective,yes,conj_adv,conj_adv,yes
やかましく,甲高く,6.8,8,6,10,3,7,7,1,4,3,7,adjective,yes,conj_adv,conj_adv,yes
やかましく,うるさく,8.6,8,8,10,9,8,8,7,9,9,8,adjective,yes,conj_adv,conj_adv,yes
やかましく,激しく,6.2,7,7,6,4,7,8,3,4,7,7,adjective,yes,conj_adv,conj_adv,yes
やかましく,騒がしく,8.6,8,8,9,10,8,9,7,8,8,9,adjective,yes,conj_adv,conj_adv,yes
やかましく,騒々しく,9,9,9,9,10,8,9,8,8,8,9,adjective,yes,conj_adv,conj_adv,yes
やかましく,大きく,5.4,5,9,5,6,2,2,6,6,5,5,adjective,yes,conj_adv,conj_adv,yes
ややこしい,煩わしい,6.6,5,9,5,8,6,8,3,7,5,9,adjective,yes,dict,dict,no
ややこしい,紛らわしい,5.4,4,8,5,2,8,9,8,3,5,8,adjective,yes,dict,dict,no
ややこしい,難しい,6.6,9,6,5,8,5,8,5,6,7,8,adjective,yes,dict,dict,no
ややこしい,細かい,5,4,7,5,3,6,7,2,3,3,0,adjective,yes,dict,dict,no
ややこしい,面倒くさい,5.8,5,7,5,7,5,8,2,4,7,7,adjective,yes,dict,dict,no
ややこしい,複雑,7.6,5,8,7,10,8,9,7,7,7,9,adjective,yes,dict,dict,yes
やるせない,切ない,7.6,8,8,10,4,8,9,7,7,7,10,adjective,yes,dict,dict,no
やるせない,辛い,6,6,8,6,3,7,8,6,4,5,8,adjective,yes,dict,dict,no
やるせない,つらい,7.6,8,9,7,7,7,8,6,4,5,8,adjective,yes,dict,dict,no
やるせない,心苦しい,7,7,8,7,7,6,8,3,3,3,9,adjective,yes,dict,dict,no
やるせない,悲しい,6.2,6,6,7,5,7,8,3,6,7,7,adjective,yes,dict,dict,no
やるせない,苦しい,5.4,7,6,7,4,3,8,4,4,6,7,adjective,yes,dict,dict,no
よい,ふさわしい,6.6,9,8,5,6,5,8,4,8,8,8,adjective,yes,dict,dict,no
よい,正しい,7.2,8,6,8,7,7,7,5,7,8,8,adjective,yes,dict,dict,no
よい,願わしい,6.8,8,8,6,6,6,9,3,6,6,7,adjective,yes,dict,dict,no
わずらわしい,邪魔くさい,7,8,10,10,4,3,8,6,7,8,6,adjective,yes,dict,dict,no
わずらわしい,煩わしい,10,10,10,10,10,10,8,10,10,10,10,adjective,yes,dict,dict,no
わずらわしかっ,うっとうしかっ,7,8,9,8,5,5,9,7,7,8,9,adjective,yes,conj,conj,no
わずらわしかっ,煩わしかっ,10,10,10,10,10,10,10,10,10,10,10,adjective,yes,conj,conj,no
わずらわしく,めんどくさく,7.8,8,9,9,6,7,8,4,6,8,10,adjective,yes,conj_adv,conj_adv,yes
不甲斐ない,情けない,7,4,7,8,8,8,8,5,9,9,8,adjective,yes,dict,dict,no
不甲斐なく,みっともなく,7.6,6,9,9,6,8,8,5,9,9,5,adjective,yes,conj_adv,conj_adv,yes
久しい,懐かしい,6.2,6,9,5,6,5,7,8,7,9,6,adjective,yes,dict,dict,no
久しい,長い,6.2,5,7,8,4,7,8,4,5,9,7,adjective,yes,dict,dict,no
久しく,長く,6.4,5,7,8,5,7,7,7,5,9,7,adjective,yes,conj_adv,conj_adv,yes
乏しい,細い,4.2,6,5,1,6,3,3,5,6,2,2,adjective,yes,dict,dict,no
乏しい,薄い,4.6,7,5,2,6,3,3,5,7,7,2,adjective,yes,dict,dict,no
乏しい,弱い,4.4,6,5,2,6,3,2,5,6,7,2,adjective,yes,dict,dict,no
乏しい,浅い,5.4,7,5,5,7,3,2,5,7,8,2,adjective,yes,dict,dict,no
乏しい,ない,4.8,4,6,5,7,2,3,5,7,6,3,adjective,yes,dict,dict,no
乏しい,貧しい,7.4,8,8,7,8,6,8,7,9,8,4,adjective,yes,dict,dict,no
乏しい,無い,5,5,6,5,7,2,3,5,7,6,3,adjective,yes,dict,dict,no
乏しい,小さい,5,5,5,6,6,3,2,5,6,7,2,adjective,yes,dict,dict,no
乏しい,細かい,2.6,5,6,2,0,0,2,5,6,3,2,adjective,yes,dict,dict,no
乏しき,貧しき,8.2,9,9,9,8,6,8,7,9,8,4,adjective,yes,conj_classic,conj_classic,no
乏しく,少なく,6.2,9,5,7,7,3,3,5,7,8,7,adjective,yes,conj_adv,conj_adv,yes
侘しい,寂しい,7.4,7,9,7,6,8,7,5,8,8,8,adjective,yes,dict,dict,no
侘しい,むなしい,7.4,8,8,9,6,6,10,7,7,8,7,adjective,yes,dict,dict,no
侘しい,さびしい,6.6,6,7,6,6,8,7,5,9,9,8,adjective,yes,dict,dict,no
儚く,あっけなく,7.8,6,7,9,8,9,8,7,8,9,8,adjective,yes,conj_adv,conj_adv,yes
凄い,素晴らしい,5,6,7,4,2,6,8,8,3,8,8,adjective,yes,dict,dict,no
凄い,すごい,10,10,10,10,10,10,10,10,10,10,10,adjective,yes,dict,dict,no
凄い,激しい,7,6,7,8,6,8,5,5,8,6,6,adjective,yes,dict,dict,no
凄まじい,激しい,6,6,6,6,5,7,9,8,3,9,7,adjective,yes,dict,dict,no
凄まじい,強い,6,6,5,7,6,6,4,5,6,6,5,adjective,yes,dict,dict,no
凄まじかっ,激しかっ,7.4,9,7,9,5,7,8,8,3,10,7,adjective,yes,conj,conj,no
凄まじかっ,すごかっ,8.8,9,9,9,9,8,9,9,3,10,9,adjective,yes,conj,conj,no
凄まじかっ,早かっ,3.2,4,0,4,5,3,3,2,5,0,2,adjective,yes,conj,conj,no
切ない,心憂い,6.8,9,4,6,9,6,9,8,8,9,6,adjective,yes,dict,dict,no
切ない,苦しい,5,2,6,5,6,6,9,8,5,9,4,adjective,yes,dict,dict,no
切ない,寂しい,6.4,5,5,7,7,8,9,8,3,9,6,adjective,yes,dict,dict,no
切ない,つらい,4.8,4,6,4,6,4,9,8,5,9,3,adjective,yes,dict,dict,no
切ない,悲しい,5.6,4,6,5,5,8,9,8,5,9,6,adjective,yes,dict,dict,no
切ない,辛い,5.6,5,6,5,6,6,9,9,5,9,4,adjective,yes,dict,dict,no
切なく,寂しく,5.4,3,7,5,5,7,9,8,3,9,4,adjective,yes,conj_adv,conj_adv,yes
切なく,辛く,5.2,3,6,5,6,6,8,8,5,9,3,adjective,yes,conj_adv,conj_adv,yes
力強い,強い,7.6,9,7,8,7,7,7,7,7,8,5,adjective,yes,dict,dict,no
力強い,激しい,4,6,4,2,5,3,3,5,5,7,5,adjective,yes,dict,dict,no
危ない,荒い,5.8,5,9,9,1,5,3,2,5,6,2,adjective,yes,dict,dict,no
厳しい,激しい,5.4,8,5,8,1,5,4,5,6,7,3,adjective,yes,dict,dict,no
厳しく,怖く,7.2,6,9,9,5,7,5,3,4,2,5,adjective,yes,conj_adv,conj_adv,yes
可笑し,おもしろ,9,9,9,9,9,9,9,5,7,5,7,adjective,yes,conj_stem,conj_stem,yes
可笑しい,面白い,7,5,9,7,8,6,9,8,8,6,8,adjective,yes,dict,dict,no
喜ばしい,ほしかっ,5.8,6,9,6,5,3,3,5,6,5,3,adjective,yes,dict,conj,no
喜ばしい,好ましい,5.2,3,7,4,7,5,8,4,7,7,7,adjective,yes,dict,dict,no
喜ばしい,うれしい,6.6,6,9,7,5,6,9,7,7,8,8,adjective,yes,dict,dict,no
喜ばしい,良い,5.6,4,7,6,6,5,7,3,8,8,8,adjective,yes,dict,dict,no
喜ばしい,望ましい,6.2,5,7,7,6,6,7,4,6,7,6,adjective,yes,dict,dict,no
喜ばしい,願わしい,7,6,8,7,7,7,7,3,7,7,6,adjective,yes,dict,dict,no
喜ばしい,いい,5.8,7,6,5,5,6,8,3,6,8,8,adjective,yes,dict,dict,no
喜ばしい,嬉しい,6.8,8,7,7,5,7,9,7,7,8,8,adjective,yes,dict,dict,no
喜ばしい,素晴らしい,6.8,6,9,10,3,6,4,7,5,7,5,adjective,yes,dict,dict,no
喜ばしい,明るい,6.6,5,9,10,2,7,3,5,4,5,5,adjective,yes,dict,dict,no
喜ばしく,めでたく,7.4,7,8,9,6,7,8,7,7,8,7,adjective,yes,conj_adv,conj_adv,yes
嘆かわしい,恥ずかしい,6.2,7,8,7,4,5,6,5,6,6,5,adjective,yes,dict,dict,no
嘆かわしい,情けない,7.2,7,6,8,7,8,8,5,9,9,8,adjective,yes,dict,dict,no
回りくどい,ややこしい,7.4,7,9,9,6,6,9,3,6,7,4,adjective,yes,dict,dict,no
回りくどい,難しい,6.6,8,7,7,5,6,8,2,6,6,5,adjective,yes,dict,dict,no
回りくどい,紛らわしい,7,8,9,9,5,4,9,5,7,7,3,adjective,yes,dict,dict,no
固く,強く,7,6,8,10,8,3,5,1,6,6,7,adjective,yes,conj_adv,conj_adv,yes
堅苦し,堅苦しい,7.8,9,9,9,4,8,8,4,9,10,8,adjective,yes,conj,dict,yes
堅苦し,息苦しい,6.2,7,7,7,4,6,7,4,6,6,7,adjective,yes,conj,dict,yes
大きい,広い,7,8,8,9,5,5,6,7,6,7,5,adjective,yes,dict,dict,no
好ましい,よい,6.6,8,6,8,6,5,9,9,5,8,8,adjective,yes,dict,dict,no
好ましい,正しい,5.2,6,6,4,5,5,7,3,3,7,7,adjective,yes,dict,dict,no
好ましい,良い,6.4,7,6,8,6,5,9,3,5,8,8,adjective,yes,dict,dict,no
好ましい,願わしい,8.6,8,9,9,8,9,9,5,6,8,8,adjective,yes,dict,dict,no
好ましい,嬉しい,6.8,7,8,8,7,4,5,5,5,7,5,adjective,yes,dict,dict,no
好ましい,明るい,4.8,5,8,5,3,3,3,5,5,7,3,adjective,yes,dict,dict,no
嬉しい,望ましい,5.6,8,6,4,5,5,8,4,6,7,6,adjective,yes,dict,dict,no
嬉しい,いい,4.4,4,6,3,5,4,8,3,6,8,8,adjective,yes,dict,dict,no
嬉しい,良い,6,6,6,8,5,5,8,3,6,8,8,adjective,yes,dict,dict,no
嬉しい,明るい,7,5,9,10,3,8,4,5,5,5,3,adjective,yes,dict,dict,no
嬉しく,快く,4.4,4,8,4,4,2,8,3,6,8,7,adjective,yes,conj_adv,conj_adv,yes
嬉しく,良く,4,2,6,3,5,4,8,3,6,8,8,adjective,yes,conj_adv,conj_adv,yes
寂しい,悲しい,6,6,5,8,5,6,6,5,7,8,9,adjective,yes,dict,dict,no
小さい,弱い,5.6,6,5,7,6,4,6,6,5,6,3,adjective,yes,dict,dict,no
小さな,狭い,5.6,6,5,4,7,6,4,5,6,2,5,adjective,yes,dict,dict,no
小さな,つつましやか,4.4,6,7,5,1,3,4,5,6,6,2,adjective,yes,dict,dict,yes
小高い,高い,4.4,4,6,4,6,2,1,0,5,5,3,adjective,yes,dict,dict,no
少ない,貧しい,4.6,4,6,8,3,2,8,7,7,8,2,adjective,yes,dict,dict,no
少ない,乏しい,7.2,6,7,9,7,7,8,7,7,8,4,adjective,yes,dict,dict,no
少ない,弱い,4.2,5,4,6,3,3,5,8,5,6,3,adjective,yes,dict,dict,no
弱々しい,情けない,3,0,4,2,6,3,7,9,5,7,3,adjective,yes,dict,dict,no
弱々しい,貧しい,4,4,6,7,1,2,6,7,3,5,2,adjective,yes,dict,dict,no
弱々しい,少ない,4,4,6,6,1,3,6,6,1,4,2,adjective,yes,dict,dict,no
弱々しい,細い,4.6,3,5,3,5,7,7,6,3,4,6,adjective,yes,dict,dict,no
弱々しい,小さい,3.2,2,4,3,3,4,6,5,3,4,3,adjective,yes,dict,dict,no
弱々しい,弱い,6.4,6,5,4,9,8,8,6,8,10,7,adjective,yes,dict,dict,no
弱々しい,乏しい,5.2,7,6,6,6,1,7,5,5,8,3,adjective,yes,dict,dict,no
弱々しい,か弱い,7.6,6,7,7,9,9,9,7,7,9,8,adjective,yes,dict,dict,no
弱弱しい,弱い,7,6,5,9,7,8,8,5,9,10,7,adjective,yes,dict,dict,no
弱弱しい,小さい,5.8,7,6,9,4,3,6,7,3,6,2,adjective,yes,dict,dict,no
弱弱しい,細い,5.8,6,6,8,5,4,7,7,3,6,6,adjective,yes,dict,dict,no
弱弱しい,か弱い,8.4,8,9,8,8,9,9,8,5,8,8,adjective,yes,dict,dict,no
弱弱しい,もろい,8,8,8,9,8,7,9,8,7,8,6,adjective,yes,dict,dict,no
弱弱しい,弱々しい,10,10,10,10,10,10,10,10,9,10,10,adjective,yes,dict,dict,no
弱弱しい,情けない,4.8,6,4,3,5,6,3,5,6,8,3,adjective,yes,dict,dict,no
強い,激しい,4.6,8,5,3,2,5,9,8,5,9,3,adjective,yes,dict,dict,no
待ち遠しく,恋しく,6.2,7,6,6,4,8,7,3,8,7,7,adjective,yes,conj_adv,conj_adv,yes
心地よい,気持ちいい,8,5,9,8,10,8,9,9,8,10,8,adjective,yes,dict,dict,no
心苦しい,苦しい,5.8,7,5,3,8,6,5,7,6,8,7,adjective,yes,dict,dict,no
心苦しい,心憂い,6.6,7,4,7,9,6,6,8,7,7,1,adjective,yes,dict,dict,no
心苦しい,しんどい,5,6,8,5,3,3,7,5,5,7,3,adjective,yes,dict,dict,no
心苦しい,きつい,5,5,7,8,3,2,7,6,3,7,3,adjective,yes,dict,dict,no
心苦しい,つらい,5.6,6,7,9,3,3,8,9,7,9,3,adjective,yes,dict,dict,no
心苦しい,切ない,5.6,6,6,8,5,3,9,8,7,9,3,adjective,yes,dict,dict,no
心苦しい,辛い,5.6,6,8,8,3,3,8,9,7,9,6,adjective,yes,dict,dict,no
心苦しい,悲しい,4.6,5,6,2,4,6,6,5,8,7,3,adjective,yes,dict,dict,no
心苦しい,難しい,2.8,3,0,3,3,5,4,3,7,6,3,adjective,yes,dict,dict,no
心苦しく,寂しく,4.2,4,4,7,4,2,6,7,1,7,3,adjective,yes,conj_adv,conj_adv,yes
心苦しく,悲しく,5,5,7,7,4,2,8,7,1,7,4,adjective,yes,conj_adv,conj_adv,yes
心苦しく,切なく,5.4,6,6,8,5,2,9,7,7,9,3,adjective,yes,conj_adv,conj_adv,yes
心苦しく,辛く,5.2,6,8,7,3,2,8,8,7,9,6,adjective,yes,conj_adv,conj_adv,yes
心苦しく,つらく,5.4,7,8,7,3,2,8,8,5,9,6,adjective,yes,conj_adv,conj_adv,yes
快い,気持ちよい,8.2,9,9,9,8,6,9,7,7,6,9,adjective,yes,dict,dict,no
快い,心地よい,8.2,9,9,9,8,6,9,8,8,7,9,adjective,yes,dict,dict,no
快い,気持ち良い,8.2,9,9,9,8,6,9,7,7,8,9,adjective,yes,dict,dict,no
快い,気持ちいい,8.2,9,9,9,8,6,9,7,7,8,9,adjective,yes,dict,dict,no
快かっ,気持ちよかっ,8.2,9,9,9,8,6,9,7,7,8,9,adjective,yes,conj,conj,no
快かっ,心地よかっ,8.6,8,8,9,9,9,7,5,7,9,8,adjective,yes,conj,conj,no
快く,良く,6.4,9,8,5,5,5,7,3,5,8,9,adjective,yes,conj_adv,conj_adv,yes
恋しい,切ない,5,2,7,5,5,6,4,5,6,6,7,adjective,yes,dict,dict,no
恐ろしい,激しい,5.4,6,9,8,1,3,3,3,5,0,5,adjective,yes,dict,dict,no
恐ろしい,すごい,5.8,6,9,7,4,3,3,3,5,0,5,adjective,yes,dict,dict,no
恥ずかしかっ,嘆かわしかっ,4.4,2,7,3,4,6,7,5,6,8,5,adjective,yes,conj,conj,no
恥ずかしかっ,悲しい,2.8,0,2,1,4,7,8,3,4,7,2,adjective,yes,conj,dict,no
恥ずかしく,虚しく,3.8,3,4,0,5,7,7,3,4,6,2,adjective,yes,conj_adv,conj_adv,yes
息苦し,きつい,5.6,7,7,4,6,4,8,8,3,8,7,adjective,yes,conj,dict,yes
息苦しい,狭苦しい,5.2,6,6,3,5,6,7,5,8,9,2,adjective,yes,dict,dict,no
息苦しい,堅苦しい,5.8,6,6,3,6,8,6,5,7,8,5,adjective,yes,dict,dict,no
悲し,切ない,5.6,4,7,5,6,6,5,5,9,8,8,adjective,yes,conj,dict,yes
悲しい,嘆かわしい,6.6,8,6,5,6,8,6,8,9,8,3,adjective,yes,dict,dict,no
悲しく,寂しく,6,4,6,8,6,6,5,5,7,8,8,adjective,yes,conj_adv,conj_adv,yes
悲しく,切なく,5.2,3,6,5,6,6,5,5,9,8,8,adjective,yes,conj_adv,conj_adv,yes
悲しく,辛く,5.2,4,5,4,6,7,6,5,9,8,8,adjective,yes,conj_adv,conj_adv,yes
情けない,恥ずかしい,5,3,6,7,2,7,6,5,5,10,5,adjective,yes,dict,dict,no
情けなかっ,みっともなかっ,6.8,8,9,5,3,9,8,8,8,9,7,adjective,yes,conj,conj,no
情けなかっ,恥ずかしかっ,5.4,6,8,8,2,3,8,7,5,8,7,adjective,yes,conj,conj,no
情けなかっ,不甲斐なかっ,6.2,7,6,7,4,7,10,9,7,10,6,adjective,yes,conj,conj,no
情けなかっ,嘆かわしかっ,7,7,8,7,7,6,9,6,5,8,7,adjective,yes,conj,conj,no
情けなかっ,悲しい,4.8,6,9,6,0,3,7,7,3,5,6,adjective,yes,conj,dict,yes
情けなく,恥ずかしく,4,7,3,4,2,4,8,7,5,8,7,adjective,yes,conj_adv,conj_adv,yes
情けなく,みっともなく,6.4,6,8,8,3,7,8,7,6,9,7,adjective,yes,conj_adv,conj_adv,yes
情けなく,虚しく,5,6,6,8,2,3,8,6,3,7,3,adjective,yes,conj_adv,conj_adv,yes
情けなく,不甲斐なく,6.2,7,8,6,4,6,10,8,6,9,8,adjective,yes,conj_adv,conj_adv,yes
慌ただしく,うるさく,5.4,6,7,9,0,5,6,7,3,8,2,adjective,yes,conj_adv,conj_adv,yes
慌ただしく,騒がしく,6,8,7,8,2,5,5,8,3,9,2,adjective,yes,conj_adv,conj_adv,yes
慌ただしく,激しく,5.4,4,7,8,6,2,2,3,5,6,3,adjective,yes,conj_adv,conj_adv,yes
憎々し,苛立たし,6,7,6,7,6,4,8,1,3,8,7,adjective,yes,conj,conj,yes
憎々し,憎らし,8.4,8,9,9,8,8,10,9,9,9,8,adjective,yes,conj,conj,yes
憎々し,いまいまし,7.4,8,7,8,8,6,7,7,7,9,6,adjective,yes,conj,conj,yes
憎々し,腹立たしく,7.4,8,6,8,7,8,8,8,3,9,7,adjective,yes,conj_adv,conj_adv,yes
憎々しく,腹立たしく,7.6,7,8,8,7,8,8,8,1,8,7,adjective,yes,conj_adv,conj_adv,yes
憎々しく,苦々しく,6,6,5,6,5,8,8,7,3,8,6,adjective,yes,conj_adv,conj_adv,yes
憎たらしい,腹立たしい,8.2,8,9,10,7,7,8,8,5,9,7,adjective,yes,dict,dict,no
憎らし,苛立たし,7,8,7,6,6,8,8,7,5,8,6,adjective,yes,conj,conj,yes
憎らし,いまいまし,7.4,8,7,8,8,6,8,6,5,9,6,adjective,yes,conj,conj,yes
憎憎しく,腹立たしく,7.4,7,7,8,7,8,9,8,5,8,6,adjective,yes,conj_adv,conj_adv,yes
手早く,早く,7.2,9,5,7,9,6,9,7,8,6,7,adjective,yes,conj_adv,conj_adv,yes
手早く,すばやく,7,4,7,7,9,8,10,8,8,10,8,adjective,yes,conj_adv,conj_adv,yes
手早く,素早く,7.2,7,6,7,9,7,10,9,8,10,7,adjective,yes,conj_adv,conj_adv,yes
手荒い,荒々しい,6.6,8,7,3,8,7,9,7,9,9,6,adjective,yes,dict,dict,no
手荒い,荒っぽい,8.2,8,9,9,8,7,9,6,9,9,6,adjective,yes,dict,dict,no
控えめ,慎ましやか,7.4,9,9,7,5,7,9,6,9,7,8,adjective,yes,dict,dict,yes
暑苦しく,うっとうしく,5.2,7,7,7,3,2,9,7,2,9,4,adjective,yes,conj_adv,conj_adv,yes
暑苦しく,煩わしく,4.6,6,4,2,7,4,3,2,6,4,3,adjective,yes,conj_adv,conj_adv,yes
望ましい,うれしい,4.2,7,6,2,6,0,6,5,6,7,3,adjective,yes,dict,dict,no
望ましい,願わしい,7.6,9,6,8,8,7,9,8,8,9,7,adjective,yes,dict,dict,no
望ましい,好ましい,7.2,9,6,8,7,6,9,5,9,9,6,adjective,yes,dict,dict,no
望ましい,正しい,5,8,6,6,5,0,6,5,5,5,5,adjective,yes,dict,dict,no
望ましい,よい,6.4,8,6,7,6,5,6,5,5,5,5,adjective,yes,dict,dict,no
望ましい,ふさわしい,6.6,8,6,7,6,6,7,7,6,9,6,adjective,yes,dict,dict,no
望ましい,良い,6.4,8,6,7,6,5,6,5,5,5,5,adjective,yes,dict,dict,no
楽し,待ちきれない,8,8,8,10,7,7,6,7,7,8,5,adjective,yes,dict,dict,yes
楽しい,興味深い,6,6,8,8,5,3,6,3,5,8,6,adjective,yes,dict,dict,no
正しい,良い,6.2,8,5,6,9,3,6,5,5,10,7,adjective,yes,dict,dict,no
正しい,願わしい,4.2,7,6,5,0,3,6,6,1,7,8,adjective,yes,dict,dict,no
気まずい,苦しい,4.4,2,6,5,5,4,8,5,3,5,3,adjective,yes,dict,dict,no
気まずく,煙たく,3.8,6,5,3,3,2,6,5,4,5,7,adjective,yes,conj_adv,conj_adv,yes
気まずく,よそよそしく,7,6,8,8,5,8,7,5,7,9,7,adjective,yes,conj_adv,conj_adv,yes
気持ちいい,たまらない,5.6,3,7,5,6,7,6,5,5,6,6,adjective,yes,dict,dict,no
気持ちよい,たまらない,5,4,7,3,5,6,5,4,4,5,8,adjective,yes,dict,dict,no
気持ちよい,心地よい,8.2,9,8,10,7,7,8,8,6,8,9,adjective,yes,dict,dict,no
気持ちよい,気持ちいい,9.4,10,10,10,9,8,9,9,9,10,10,adjective,yes,dict,dict,no
気持ちよかっ,心地よかっ,8,8,9,9,7,7,9,8,6,8,9,adjective,yes,conj,conj,no
気持ちよく,快く,6.6,4,9,6,7,7,8,8,7,7,8,adjective,yes,conj_adv,conj_adv,yes
気持ちよく,心地よく,7.4,6,9,8,7,7,10,9,9,10,7,adjective,yes,conj_adv,conj_adv,yes
気持ち良い,気持ちよい,9.4,10,10,7,10,10,10,10,10,10,9,adjective,yes,dict,dict,no
気持ち良い,たまらない,6.2,6,9,7,5,4,8,8,8,8,3,adjective,yes,dict,dict,no
気持ち良い,心地よい,8,9,9,8,7,7,9,9,9,10,6,adjective,yes,dict,dict,no
気持ち良い,気持ちいい,9.6,10,10,10,9,9,10,10,10,10,9,adjective,yes,dict,dict,no
気持ち良く,快く,7,8,8,5,7,7,9,8,9,10,6,adjective,yes,conj_adv,conj_adv,yes
気持ち良く,心地よく,8,9,9,8,7,7,9,9,9,10,6,adjective,yes,conj_adv,conj_adv,yes
気持ち良く,気持ちよく,9.8,10,9,10,10,10,10,9,10,10,10,adjective,yes,conj_adv,conj_adv,yes
気難しい,険しい,5.2,5,7,5,5,4,6,6,3,8,3,adjective,yes,dict,dict,no
気難しい,厳しい,5.4,5,7,5,5,5,8,6,5,9,6,adjective,yes,dict,dict,no
気難しい,難し,5.4,9,4,6,3,5,3,8,3,7,4,adjective,yes,dict,conj,yes
浅い,少ない,4.2,7,5,6,2,1,9,3,3,9,2,adjective,yes,dict,dict,no
深く,強く,4,6,0,3,7,4,2,5,6,0,6,adjective,yes,conj_adv,conj_adv,yes
清々しい,気持ちよい,7.4,8,7,6,9,7,8,8,9,9,6,adjective,yes,dict,dict,no
清々しい,気持ち良い,8.2,8,9,8,9,7,8,8,9,9,6,adjective,yes,dict,dict,no
清々しい,快い,8.2,8,9,8,8,8,9,9,9,10,8,adjective,yes,dict,dict,no
清々しい,清い,8,8,8,9,8,7,9,9,8,9,8,adjective,yes,dict,dict,no
清い,美しい,5.6,6,6,4,6,6,6,5,8,8,5,adjective,yes,dict,dict,no
激しかっ,早かっ,2,0,5,2,0,3,3,0,0,4,3,adjective,yes,conj,conj,no
激しく,大きく,4.6,5,5,8,0,5,7,8,0,7,2,adjective,yes,conj_adv,conj_adv,yes
激しく,強く,5.8,8,7,6,2,6,8,8,3,8,3,adjective,yes,conj_adv,conj_adv,yes
無い,少ない,5.4,6,5,6,6,4,3,5,4,0,4,adjective,yes,dict,dict,no
煩く,けたたましく,6.4,9,5,6,6,6,7,5,8,5,2,adjective,yes,conj_adv,conj_adv,yes
煩く,激しく,5.6,6,5,8,5,4,4,3,7,6,2,adjective,yes,conj_adv,conj_adv,yes
煩く,甲高く,6.6,7,7,9,5,5,6,3,7,7,1,adjective,yes,conj_adv,conj_adv,yes
煩く,騒々しく,8,8,9,9,8,6,8,7,9,8,2,adjective,yes,conj_adv,conj_adv,yes
煩く,うるさく,9.2,10,10,9,10,7,10,10,10,10,2,adjective,yes,conj_adv,conj_adv,yes
煩わしい,難しい,3.6,1,6,3,3,5,7,3,8,5,3,adjective,yes,dict,dict,no
煩わしい,面倒くさい,6.8,5,8,8,7,6,8,5,10,9,5,adjective,yes,dict,dict,no
煩わしい,うっとうしい,8.8,8,10,10,8,8,7,7,8,9,8,adjective,yes,dict,dict,no
煩わしく,うっとうしく,8.4,7,10,9,8,8,7,7,8,9,8,adjective,yes,conj_adv,conj_adv,yes
煩わしく,面倒くさく,7.6,7,6,10,6,9,8,7,6,9,8,adjective,yes,conj_adv,conj_adv,yes
物凄い,すさまじい,7.8,9,9,5,8,8,9,8,9,8,7,adjective,yes,dict,dict,no
物凄い,凄い,7,4,8,7,8,8,8,7,10,8,5,adjective,yes,dict,dict,no
物凄い,激しい,5,2,6,3,7,7,7,7,8,7,4,adjective,yes,dict,dict,no
物凄い,すごい,7.8,9,7,8,8,7,7,7,10,8,5,adjective,yes,dict,dict,no
物凄い,ものすごい,10,10,10,10,10,10,10,10,10,10,10,adjective,yes,dict,dict,no
物凄い,騒々しい,5.4,6,6,4,2,9,3,5,5,3,3,adjective,yes,dict,dict,no
物凄い,すばらしい,5.8,6,6,5,5,7,5,5,6,8,5,adjective,yes,dict,dict,no
物凄い,素晴らしい,5.8,6,6,5,5,7,3,5,6,8,5,adjective,yes,dict,dict,no
物凄かっ,激しかっ,7.4,7,8,9,6,7,6,8,8,8,4,adjective,yes,conj,conj,no
物凄かっ,凄まじかっ,8.6,9,9,9,8,8,7,8,9,9,7,adjective,yes,conj,conj,no
物凄かっ,早かっ,3,3,2,3,3,4,3,2,4,0,2,adjective,yes,conj,conj,no
物悲しい,辛い,6.4,4,8,8,6,6,5,5,8,9,5,adjective,yes,dict,dict,no
物悲しい,やるせない,7.2,7,6,10,6,7,6,5,7,9,5,adjective,yes,dict,dict,no
物悲しい,心憂い,6.6,8,6,6,6,7,7,5,7,9,6,adjective,yes,dict,dict,no
物悲しい,つらい,6.4,6,6,8,6,6,6,5,9,7,5,adjective,yes,dict,dict,no
物悲しい,切ない,6,5,6,7,6,6,7,5,9,8,5,adjective,yes,dict,dict,no
物悲しい,心苦しい,5.8,6,6,6,5,6,4,5,9,7,2,adjective,yes,dict,dict,no
物悲しい,苦しい,3.6,5,5,3,2,3,4,5,6,8,3,adjective,yes,dict,dict,no
物悲しい,悲し,7.6,7,9,8,7,7,6,7,9,9,7,adjective,yes,conj,conj,yes
物悲しく,切なく,6.8,7,7,8,6,6,7,5,9,8,5,adjective,yes,conj_adv,conj_adv,yes
物悲しく,苦しく,3.6,5,5,3,2,3,4,5,6,8,3,adjective,yes,conj_adv,conj_adv,yes
狭苦し,小さな,5.6,7,4,7,4,6,7,7,8,3,6,adjective,yes,conj,dict,yes
狭苦し,狭い,6.8,8,8,8,4,6,7,8,8,6,7,adjective,yes,conj,dict,yes
狭苦しい,きつい,6,5,7,6,5,7,8,9,3,9,7,adjective,yes,dict,dict,no
甲高い,うるさい,4.8,4,8,4,3,5,7,8,5,9,4,adjective,yes,dict,dict,no
甲高い,すごい,1.4,2,1,0,0,4,4,5,1,5,3,adjective,yes,dict,dict,no
甲高く,慌ただしく,1.8,4,0,3,0,2,4,5,1,4,2,adjective,yes,conj_adv,conj_adv,yes
甲高く,大きく,4.6,4,7,8,0,4,4,8,1,3,2,adjective,yes,conj_adv,conj_adv,yes
甲高く,激しく,4.8,5,6,8,0,5,7,6,2,9,2,adjective,yes,conj_adv,conj_adv,yes
甲高く,騒々しく,6.2,8,8,7,3,5,6,7,5,8,3,adjective,yes,conj_adv,conj_adv,yes
甲高く,うるさく,5.8,7,7,7,3,5,6,7,6,9,3,adjective,yes,conj_adv,conj_adv,yes
甲高く,騒がしく,6.4,8,8,8,3,5,5,7,5,8,2,adjective,yes,conj_adv,conj_adv,yes
甲高く,けたたましく,8.2,7,9,10,8,7,4,5,7,7,5,adjective,yes,conj_adv,conj_adv,yes
疑わし,いぶかしげ,6.4,8,6,6,4,8,8,8,9,8,7,adjective,yes,conj,conj,yes
疑わし,あやし,7.8,8,9,9,5,8,10,9,9,9,8,adjective,yes,conj,conj,yes
疑わし,怪し,8,9,9,9,5,8,10,9,9,9,8,adjective,yes,conj,conj,yes
疑わしい,怪しい,7.6,9,7,8,6,8,9,9,8,9,8,adjective,yes,dict,dict,no
疑わしく,怪しく,6.6,4,8,7,6,8,9,9,8,9,8,adjective,yes,conj_adv,conj_adv,yes
痛ましい,切ない,5.4,5,5,6,4,7,6,5,7,7,5,adjective,yes,dict,dict,no
痛ましい,悲しい,4.8,6,2,3,5,8,7,3,8,9,8,adjective,yes,dict,dict,no
痛ましい,苦しい,5.2,5,6,4,5,6,6,3,7,8,5,adjective,yes,dict,dict,no
神々しい,輝かしい,5.2,5,7,5,3,6,8,9,3,10,6,adjective,yes,dict,dict,no
神々しい,すばらしい,6.6,7,5,7,6,8,5,5,7,7,5,adjective,yes,dict,dict,no
神々しい,華々しい,5.4,6,5,4,6,6,4,5,6,7,5,adjective,yes,dict,dict,no
神々しい,素晴らしい,6.6,7,5,7,6,8,6,5,7,7,5,adjective,yes,dict,dict,no
空々しく,むなしく,5.6,9,9,0,0,10,8,2,9,7,5,adjective,yes,conj_adv,conj_adv,yes
紛らわしい,難しい,4,4,7,3,6,0,4,3,5,4,3,adjective,yes,dict,dict,no
素早い,早い,8,9,7,8,8,8,8,6,9,9,7,adjective,yes,dict,dict,no
素早く,速く,7.2,8,7,10,8,3,9,6,8,9,7,adjective,yes,conj_adv,conj_adv,yes
素早く,早く,8,9,7,8,8,8,8,6,8,9,6,adjective,yes,conj_adv,conj_adv,yes
素晴らしい,明るい,2.8,2,6,6,0,0,5,5,3,7,3,adjective,yes,dict,dict,no
素晴らしい,すごい,6.4,7,7,4,7,7,9,8,3,8,3,adjective,yes,dict,dict,no
素晴らしい,よい,7.8,9,7,8,7,8,7,6,3,9,5,adjective,yes,dict,dict,no
素晴らしい,良い,7.2,8,6,7,7,8,7,6,3,9,5,adjective,yes,dict,dict,no
素晴らしい,すばらしい,10,10,10,10,10,10,10,10,3,10,10,adjective,yes,dict,dict,no
素晴らしい,嬉しい,4.8,5,4,4,4,7,4,5,6,7,3,adjective,yes,dict,dict,no
細い,弱い,6.8,6,9,8,8,3,4,5,6,6,4,adjective,yes,dict,dict,no
細い,小さい,6.2,6,9,6,7,3,3,5,6,5,3,adjective,yes,dict,dict,no
細かい,小さい,7.2,7,8,8,8,5,5,5,4,8,4,adjective,yes,dict,dict,no
細かい,細い,7,7,9,7,7,5,3,5,4,8,3,adjective,yes,dict,dict,no
細かい,難しい,5.6,4,8,8,6,2,1,3,4,2,5,adjective,yes,dict,dict,no
細かく,詳しく,7.4,8,7,8,6,8,9,9,7,9,4,adjective,yes,conj_adv,conj_adv,yes
細かく,詳しく,8.6,7,9,10,8,9,8,3,7,8,8,adjective,yes,conj_adv,conj_adv,yes
美味し,いい,4.2,6,0,4,5,6,3,5,6,5,2,adjective,yes,conj,dict,yes
美味しく,香ばしく,5.6,6,3,7,5,7,4,2,5,7,2,adjective,yes,conj_adv,conj_adv,yes
胡散臭い,怪しい,7,5,9,7,6,8,8,9,8,10,9,adjective,yes,dict,dict,no
胡散臭い,疑わしい,6.4,5,8,6,5,8,8,9,8,7,8,adjective,yes,dict,dict,no
脆く,もろく,9.8,10,10,10,10,9,10,10,10,10,6,adjective,yes,conj_adv,conj_adv,yes
腹立たし,憎々し,5.6,7,6,2,6,7,7,7,7,8,6,adjective,yes,conj,conj,yes
腹立たし,苛立たし,7.4,8,8,6,7,8,8,7,10,8,5,adjective,yes,conj,conj,yes
腹立たし,憎らし,7.2,8,8,7,6,7,8,7,7,8,6,adjective,yes,conj,conj,yes
腹立たし,いまいまし,7.2,7,7,8,7,7,7,7,7,9,8,adjective,yes,conj,conj,yes
腹立たしい,悔しい,6.4,6,7,7,6,6,7,5,4,8,5,adjective,yes,dict,dict,no
腹立たしかっ,憎たらしかっ,7.6,8,9,7,7,7,8,7,8,8,6,adjective,yes,conj,conj,no
腹立たしく,苦々しく,5.6,7,7,3,6,5,7,7,7,7,6,adjective,yes,conj_adv,conj_adv,yes
良い,願わしい,5.6,7,5,6,7,3,6,5,6,6,5,adjective,yes,dict,dict,no
良い,よい,10,10,10,10,10,10,10,10,10,10,10,adjective,yes,dict,dict,no
良く,難しい,3.2,5,3,3,3,2,3,3,5,7,3,adjective,yes,conj_adv,dict,yes
芳しい,好ましい,4.8,2,7,5,6,4,8,3,7,6,8,adjective,yes,dict,dict,no
芳しい,良い,5.2,3,7,5,7,4,8,5,7,5,5,adjective,yes,dict,dict,no
芳しい,望ましい,3,6,0,2,1,6,6,2,7,4,8,adjective,yes,dict,dict,no
芳しい,願わしい,3.4,6,0,4,0,7,7,2,7,5,8,adjective,yes,dict,dict,no
芳しい,喜ばしい,4.4,7,2,6,1,6,8,7,6,5,7,adjective,yes,dict,dict,no
芳ばしい,いい,5.8,8,5,5,7,4,8,5,7,5,5,adjective,yes,dict,dict,no
芳ばしい,美味しい,6.6,7,8,7,6,5,6,2,6,8,2,adjective,yes,dict,dict,no
芳ばしい,香ばしい,8.6,8,8,8,9,10,7,7,9,9,7,adjective,yes,dict,dict,no
芳ばしい,美味し,5.6,7,4,6,6,5,6,2,6,8,4,adjective,yes,dict,conj,yes
芳ばしく,香ばしく,9.2,9,10,8,9,10,8,7,9,9,7,adjective,yes,conj_adv,conj_adv,yes
苛立たし,いまいまし,7,9,6,8,6,6,7,5,3,7,9,adjective,yes,conj,conj,yes
苛立たしい,忌ま忌ましい,6,6,6,6,6,6,9,7,8,10,5,adjective,yes,dict,dict,no
苦々しい,悔しい,6.6,6,8,10,1,8,6,5,4,6,5,adjective,yes,dict,dict,no
苦々しい,腹立たしい,6.2,6,8,8,2,7,7,5,5,8,6,adjective,yes,dict,dict,no
苦々しい,憎たらしい,5.8,6,9,7,4,3,7,7,7,8,6,adjective,yes,dict,dict,no
苦しい,良く,4.8,5,6,6,2,5,9,7,5,5,3,adjective,yes,dict,conj_adv,yes
苦しい,つらい,7,9,8,5,6,7,10,9,8,6,7,adjective,yes,dict,dict,no
苦しい,難しい,5.2,3,6,7,5,5,8,7,5,6,4,adjective,yes,dict,dict,no
苦しい,厳しい,5.8,8,6,6,3,6,8,6,6,8,3,adjective,yes,dict,dict,no
苦しい,悲しい,4.2,6,5,4,0,6,8,8,3,3,2,adjective,yes,dict,dict,no
苦しく,切なく,5.6,4,6,7,4,7,7,6,3,8,2,adjective,yes,conj_adv,conj_adv,yes
荒々しい,危ない,3,3,5,2,1,4,8,7,3,7,3,adjective,yes,dict,dict,no
荒々しい,荒い,6.8,6,8,8,5,7,9,6,9,10,7,adjective,yes,dict,dict,no
荒々しい,激しい,7,9,7,7,5,7,10,7,5,9,7,adjective,yes,dict,dict,no
荒々しい,荒っぽい,6.6,6,8,7,6,6,7,8,9,10,9,adjective,yes,dict,dict,no
荒々しく,怖く,2.2,1,5,1,0,4,7,5,3,7,4,adjective,yes,conj_adv,conj_adv,yes
荒々しく,厳しく,2.4,1,5,3,0,3,6,5,5,7,3,adjective,yes,conj_adv,conj_adv,yes
荒々しく,激しく,5.4,5,8,5,4,5,10,8,5,9,6,adjective,yes,conj_adv,conj_adv,yes
荒々しく,険しく,4.8,4,6,6,4,4,9,7,5,8,4,adjective,yes,conj_adv,conj_adv,yes
荒っぽい,激しい,5,5,8,5,0,7,10,8,5,8,6,adjective,yes,dict,dict,no
荒っぽい,危ない,3.4,5,5,2,0,5,6,7,5,7,3,adjective,yes,dict,dict,no
荒っぽい,荒い,6,6,8,5,5,6,9,5,9,9,8,adjective,yes,dict,dict,no
荒っぽく,激しく,6.4,5,8,7,5,7,9,6,5,8,7,adjective,yes,conj_adv,conj_adv,yes
荒っぽく,荒々しく,7.2,8,8,7,5,8,9,9,9,10,7,adjective,yes,conj_adv,conj_adv,yes
華々しい,素晴らしい,5,3,7,5,5,5,8,5,7,5,8,adjective,yes,dict,dict,no
華々しい,良い,3.4,4,6,2,4,1,7,4,6,6,7,adjective,yes,dict,dict,no
華々しい,すばらしい,4.8,4,6,4,5,5,8,5,7,6,8,adjective,yes,dict,dict,no
華々しい,輝かしい,6.4,6,7,7,5,7,8,5,8,8,8,adjective,yes,dict,dict,no
華々しい,明るい,7.2,7,8,10,7,4,6,7,5,7,5,adjective,yes,dict,dict,no
華々しい,すごい,6.8,6,8,9,7,4,3,5,5,3,5,adjective,yes,dict,dict,no
華々しい,よい,6,5,9,7,6,3,3,7,6,2,4,adjective,yes,dict,dict,no
華々しく,大きく,5.6,4,9,5,7,3,2,3,5,3,2,adjective,yes,conj_adv,conj_adv,yes
薄い,弱い,4.8,6,2,3,6,7,3,5,5,3,3,adjective,yes,dict,dict,no
虚しい,しょぼい,4.6,7,5,8,0,3,7,7,3,6,3,adjective,yes,dict,dict,no
虚しい,あっけない,6,6,5,8,4,7,6,4,5,8,7,adjective,yes,dict,dict,no
虚しい,さびしい,6.2,6,6,8,5,6,8,7,7,7,8,adjective,yes,dict,dict,no
虚しい,侘しい,7,7,8,9,5,6,8,7,7,8,7,adjective,yes,dict,dict,no
虚しい,寂しい,6.6,7,7,8,5,6,8,7,7,7,7,adjective,yes,dict,dict,no
虚しく,あっけなく,6.6,6,8,10,0,9,8,3,6,9,7,adjective,yes,conj_adv,conj_adv,yes
貧しい,ない,5,4,6,7,6,2,3,3,5,7,2,adjective,yes,dict,dict,no
貧しい,無い,4.6,4,6,5,6,2,3,3,6,7,2,adjective,yes,dict,dict,no
賢い,正しい,5.4,7,3,6,4,7,7,5,5,8,4,adjective,yes,dict,dict,no
賢い,良い,6.4,8,6,6,5,7,8,4,6,9,6,adjective,yes,dict,dict,no
軽い,少ない,6.8,6,9,9,7,3,3,3,5,7,5,adjective,yes,dict,dict,no
輝かしい,すごい,5.4,7,6,2,5,7,4,6,5,8,7,adjective,yes,dict,dict,no
輝かしい,良い,5.4,8,6,4,4,5,6,5,3,7,5,adjective,yes,dict,dict,no
輝かしい,よい,5.4,8,5,5,4,5,6,5,3,7,5,adjective,yes,dict,dict,no
輝かしい,すばらしい,7.2,9,6,7,6,8,7,7,5,9,8,adjective,yes,dict,dict,no
輝かしい,明るい,6.4,9,7,7,4,5,7,6,3,9,6,adjective,yes,dict,dict,no
輝かしい,素晴らしい,7,8,7,6,6,8,9,8,5,10,8,adjective,yes,dict,dict,no
輝かしく,華々しく,7,7,7,8,7,6,7,8,8,8,8,adjective,yes,conj_adv,conj_adv,yes
辛い,苦しい,8,9,9,5,9,8,9,9,7,9,7,adjective,yes,dict,dict,no
辛い,きつい,7.8,9,8,5,9,8,8,9,5,9,8,adjective,yes,dict,dict,no
辛い,難しい,4.8,8,5,4,4,3,7,6,5,9,6,adjective,yes,dict,dict,no
辛い,厳しい,6.6,9,6,5,9,4,8,7,5,7,6,adjective,yes,dict,dict,no
辛い,心憂い,6.4,7,6,5,10,4,8,8,7,8,5,adjective,yes,dict,dict,no
辛い,つらい,10,10,10,10,10,10,9,10,10,9,10,adjective,yes,dict,dict,no
辛かっ,厳しかっ,6.8,7,6,7,7,7,7,3,6,8,7,adjective,yes,conj,conj,no
辛く,寂しく,4.6,5,6,3,3,6,5,5,7,7,5,adjective,yes,conj_adv,conj_adv,yes
速く,早く,6.4,10,5,8,8,1,9,9,9,10,6,adjective,yes,conj_adv,conj_adv,yes
邪魔くさい,煩わしい,8.8,7,8,10,9,10,10,9,7,9,8,adjective,yes,dict,dict,no
邪魔くさい,うとましい,7.6,8,9,9,3,9,9,9,7,9,8,adjective,yes,dict,dict,no
鋭かっ,厳しかっ,3,4,0,3,5,3,7,2,2,0,7,adjective,yes,conj,conj,no
鋭かっ,とげとげしかっ,6.2,8,6,9,3,5,6,5,3,3,6,adjective,yes,conj,conj,no
険しい,難しい,5.2,7,6,4,3,6,7,7,5,8,6,adjective,yes,dict,dict,no
険しい,きつい,6.8,8,8,6,5,7,9,7,6,9,6,adjective,yes,dict,dict,no
険しい,厳しい,6.8,7,7,8,5,7,9,7,6,9,7,adjective,yes,dict,dict,no
険しい,激しい,7,6,9,10,7,3,3,3,3,5,6,adjective,yes,dict,dict,no
険しかっ,とげとげしかっ,6,8,7,6,4,5,9,4,5,10,4,adjective,yes,conj,conj,no
険しかっ,厳しかっ,8,5,10,9,7,9,2,5,7,5,7,adjective,yes,conj,conj,no
険しかっ,鋭かっ,6,6,9,6,5,4,4,3,5,1,2,adjective,yes,conj,conj,no
険しく,厳しく,5.8,4,8,5,5,7,9,5,6,10,4,adjective,yes,conj_adv,conj_adv,yes
険しく,怖く,3.2,3,6,2,1,4,6,5,3,5,6,adjective,yes,conj_adv,conj_adv,yes
難し,厳しい,5.4,6,5,7,5,4,4,7,7,8,3,adjective,yes,conj,dict,yes
難しい,厳しい,6,7,6,8,4,5,4,5,8,8,7,adjective,yes,dict,dict,no
難しい,複雑,6.4,6,6,8,6,6,8,7,8,8,5,adjective,yes,dict,dict,yes
面倒くさい,細かい,4,4,6,3,5,2,4,3,6,1,5,adjective,yes,dict,dict,no
面倒くさい,難しい,5,5,7,3,4,6,5,5,5,7,3,adjective,yes,dict,dict,no
面倒くさく,ややこしく,6.2,6,7,6,5,7,7,5,8,8,5,adjective,yes,conj_adv,conj_adv,yes
面白い,楽しい,6.8,9,6,6,6,7,8,7,6,9,6,adjective,yes,dict,dict,no
面白い,興味深い,6,7,7,4,7,5,7,5,7,9,7,adjective,yes,dict,dict,no
面白い,おかしい,7.6,9,7,7,7,8,9,5,8,9,7,adjective,yes,dict,dict,no
面白おかしく,面白く,8.6,10,8,8,8,9,6,8,10,8,7,adjective,yes,conj_adv,conj_adv,yes
面白おかしく,楽しく,7.6,9,8,6,8,7,6,7,6,9,7,adjective,yes,conj_adv,conj_adv,yes
面白おかしく,面白く,8.4,9,8,8,8,9,7,8,10,9,7,adjective,yes,conj_adv,conj_adv,yes
面白く,楽しく,7,6,7,8,7,7,7,7,6,8,6,adjective,yes,conj_adv,conj_adv,yes
香ばしい,芳しい,6.8,4,9,7,5,9,10,2,5,9,8,adjective,yes,dict,dict,no
香ばしい,美味しい,6,5,8,7,7,3,4,2,5,8,3,adjective,yes,dict,dict,no
香ばしい,いい,6,6,8,6,6,4,3,5,8,6,3,adjective,yes,dict,dict,no
香ばしい,美味し,5.2,5,7,3,6,5,8,7,7,8,3,adjective,yes,dict,conj,yes
香ばしく,芳ばしく,8.4,8,10,9,6,9,10,4,8,9,9,adjective,yes,conj_adv,conj_adv,yes
香ばしく,芳しく,8,9,10,7,5,9,10,3,7,9,8,adjective,yes,conj_adv,conj_adv,yes
香ばしく,かぐわしく,7.6,8,9,8,5,8,10,8,9,7,8,adjective,yes,conj_adv,conj_adv,yes
馬鹿らしい,あほらしい,8.6,9,9,9,9,7,8,10,9,9,9,adjective,yes,dict,dict,no
騒々しい,激しい,5,3,8,4,4,6,7,7,1,7,7,adjective,yes,dict,dict,no
騒々しい,すごい,3,2,6,2,4,1,2,7,3,6,4,adjective,yes,dict,dict,no
騒々しい,うるさい,8.4,10,7,8,8,9,10,9,8,9,9,adjective,yes,dict,dict,no
騒々しい,甲高い,5.2,6,4,3,6,7,4,5,8,5,2,adjective,yes,dict,dict,no
騒々しい,凄い,2.6,5,2,3,3,0,3,3,6,2,2,adjective,yes,dict,dict,no
騒々しく,大きく,5.2,8,5,9,0,4,2,7,1,5,3,adjective,yes,conj_adv,conj_adv,yes
騒々しく,けたたましく,7.2,8,8,10,7,3,7,9,7,8,7,adjective,yes,conj_adv,conj_adv,yes
騒々しく,激しく,5.6,6,6,8,4,4,7,8,3,8,3,adjective,yes,conj_adv,conj_adv,yes
騒々しく,慌ただしく,5.2,7,7,6,5,1,9,7,7,9,3,adjective,yes,conj_adv,conj_adv,yes
騒々しく,騒がしく,9,8,9,9,10,9,10,9,9,10,9,adjective,yes,conj_adv,conj_adv,yes
騒々しく,うるさく,8.8,9,9,9,8,9,9,8,9,10,9,adjective,yes,conj_adv,conj_adv,yes
騒がしい,甲高い,4.6,3,7,3,4,6,8,6,5,9,6,adjective,yes,dict,dict,no
騒がしい,騒々しい,8.6,6,9,9,10,9,10,9,9,10,9,adjective,yes,dict,dict,no
騒がしい,うるさい,8.4,10,8,8,8,8,9,9,8,10,9,adjective,yes,dict,dict,no
騒がしい,すごい,1.4,1,1,0,4,1,6,7,3,7,3,adjective,yes,dict,dict,no
騒がしく,激しく,4.2,1,6,4,4,6,7,7,3,6,3,adjective,yes,conj_adv,conj_adv,yes